configuration_id,dataset_index,true_label,relu_prediction,polynomial_clear_prediction,ckks_prediction,relu_correct,polynomial_clear_correct,ckks_correct,prediction_poly_ckks_equal,logit_mae_ckks,logit_max_error_ckks,clear_margin,ckks_margin,total_seconds
chebyshev_d3_I1,112,3,3,3,3,1,1,1,1,4.3984646915336266e-05,9.520115003702756e-05,8.195243835449219,8.195322085126291,0.2118
chebyshev_d3_I1,120,5,5,5,5,1,1,1,1,6.977552626263316e-05,0.00018051346884817576,10.636552810668945,10.636641074607354,0.2125
chebyshev_d3_I1,259,6,6,0,0,1,0,0,1,3.823391883068794e-05,6.520904536699845e-05,0.10935449600219727,0.10935128506555003,0.2341
chebyshev_d3_I1,411,7,7,7,7,1,1,1,1,4.007984640941875e-05,0.00011228303129229289,3.073491096496582,3.0735245209295954,0.2095
chebyshev_d3_I1,481,9,9,9,9,1,1,1,1,4.019117463843827e-05,0.00011017526462708815,7.85233736038208,7.8524068189182,0.2156
chebyshev_d3_I1,586,0,0,0,0,1,1,1,1,2.2781500460000716e-05,4.899753158227327e-05,1.9152413606643677,1.9152636489131472,0.2131
chebyshev_d3_I1,589,4,4,4,4,1,1,1,1,3.134842050926956e-05,9.596422402502469e-05,1.5609198808670044,1.5609430165349911,0.214
chebyshev_d3_I1,603,8,8,8,8,1,1,1,1,3.6707832355675764e-05,7.26851642731674e-05,6.644739627838135,6.644793789708267,0.2103
chebyshev_d3_I1,618,5,5,5,5,1,1,1,1,5.746970528404116e-05,0.00010146316423487178,7.249388694763184,7.249445716144984,0.2007
chebyshev_d3_I1,633,2,2,2,2,1,1,1,1,5.167254312926639e-05,0.00010688736193209536,11.059054374694824,11.059143025934087,0.2074
chebyshev_d3_I1,804,0,0,0,0,1,1,1,1,3.65322606364793e-05,9.316962083971703e-05,8.153002738952637,8.153078512986939,0.2172
chebyshev_d3_I1,876,8,8,8,8,1,1,1,1,6.72271304306804e-05,0.00016914090619479794,11.518942832946777,11.519010889721681,0.2011
chebyshev_d3_I1,912,3,3,3,3,1,1,1,1,8.475604056787934e-05,0.0002013673521261694,13.701264381408691,13.701390410760201,0.2055
chebyshev_d3_I1,928,9,9,9,9,1,1,1,1,3.41120036386422e-05,8.754291162382799e-05,5.252111911773682,5.252155452223388,0.2032
chebyshev_d3_I1,949,1,1,1,1,1,1,1,1,3.0824453352362725e-05,9.613812296649371e-05,2.7730817794799805,2.7731163308076052,0.1993
chebyshev_d3_I1,1079,6,6,6,6,1,1,1,1,3.74354325713061e-05,9.07637714107068e-05,8.258817672729492,8.258888296215869,0.2026
chebyshev_d3_I1,1406,5,5,5,5,1,1,1,1,4.084280962410869e-05,8.221060566526717e-05,3.495997428894043,3.4960342813941043,0.2095
chebyshev_d3_I1,1585,2,2,2,2,1,1,1,1,6.84571165473491e-05,0.00013687788475280627,10.797728538513184,10.79780907883795,0.198
chebyshev_d3_I1,2157,2,2,2,2,1,1,1,1,7.217536117990476e-05,0.00013466376094939392,8.444839477539062,8.44490560208724,0.2049
chebyshev_d3_I1,2235,1,1,1,1,1,1,1,1,3.757584554383575e-05,6.091419748521787e-05,0.35204780101776123,0.3520548417161671,0.2035
chebyshev_d3_I1,2509,4,4,4,4,1,1,1,1,2.6485150522434497e-05,5.7052079561970004e-05,2.2537269592285156,2.2537569142553684,0.2096
chebyshev_d3_I1,2539,7,7,7,7,1,1,1,1,3.9786001595565336e-05,0.00010002949750109735,1.6102912425994873,1.6103032149446275,0.196
chebyshev_d3_I1,2548,9,9,9,9,1,1,1,1,3.3394301336236e-05,7.780580369853851e-05,5.366045951843262,5.366089460576479,0.2078
chebyshev_d3_I1,2681,3,3,3,3,1,1,1,1,4.201156722513089e-05,0.00010295592071862814,5.190451145172119,5.190507008722988,0.2101
chebyshev_d3_I1,2949,8,8,8,8,1,1,1,1,3.129249547458302e-05,6.509275996080532e-05,6.348923683166504,6.348967814051881,0.1897
chebyshev_d3_I1,3039,1,1,8,8,1,0,0,1,2.1101472262308185e-05,6.782678723027402e-05,1.2573570013046265,1.2573581475373716,0.1936
chebyshev_d3_I1,3053,5,5,5,5,1,1,1,1,6.849936830523596e-05,0.00016341625690685646,12.71086311340332,12.710982478405509,0.1906
chebyshev_d3_I1,3097,1,1,1,1,1,1,1,1,3.6802521594880844e-05,6.419134841628704e-05,0.43729257583618164,0.43730293628419137,0.2053
chebyshev_d3_I1,3115,5,5,5,5,1,1,1,1,1.8460506340911564e-05,5.619327112427186e-05,1.2983590364456177,1.2983758548408981,0.2064
chebyshev_d3_I1,3181,6,6,6,6,1,1,1,1,4.8789738892462965e-05,9.224615046221629e-05,4.881875038146973,4.881911718811677,0.2039
chebyshev_d3_I1,3218,6,6,6,6,1,1,1,1,4.6936393481678e-05,0.00010916003161653975,0.08864188194274902,0.08865286002562822,0.2036
chebyshev_d3_I1,3376,7,7,7,7,1,1,1,1,3.220891399700332e-05,9.94703631178595e-05,4.233448505401611,4.233485991916084,0.1983
chebyshev_d3_I1,3575,7,7,7,7,1,1,1,1,4.930613504168235e-05,0.00012008442617528203,6.097564220428467,6.097635181013358,0.2085
chebyshev_d3_I1,3628,2,2,2,2,1,1,1,1,8.519172419743092e-05,0.00015669984701460749,12.241268157958984,12.241368758282736,0.2007
chebyshev_d3_I1,3644,8,8,8,8,1,1,1,1,3.471637915419823e-05,7.017437159806406e-05,8.449069023132324,8.449132167913508,0.2066
chebyshev_d3_I1,3656,7,7,7,7,1,1,1,1,5.11819140572356e-05,0.0001321332306467582,1.0807318687438965,1.080738124470943,0.1986
chebyshev_d3_I1,3679,1,1,1,1,1,1,1,1,3.661824561649318e-05,6.744248562995381e-05,1.7295866012573242,1.7296130412707384,0.1994
chebyshev_d3_I1,3771,8,8,8,8,1,1,1,1,3.577932231285108e-05,7.20225384185369e-05,7.949032783508301,7.949097853893983,0.2059
chebyshev_d3_I1,3999,9,9,9,9,1,1,1,1,4.992016411540234e-05,0.00013004375755798492,9.748817443847656,9.748890069836389,0.2036
chebyshev_d3_I1,4007,7,7,7,7,1,1,1,1,1.8817299727928728e-05,6.82377004483925e-05,1.174393653869629,1.1744085379817244,0.2097
chebyshev_d3_I1,4089,7,7,7,7,1,1,1,1,4.2619417205835844e-05,0.00011616690483862158,6.850790977478027,6.850854234567024,0.2022
chebyshev_d3_I1,4162,3,3,3,3,1,1,1,1,9.105204038593052e-05,0.00019781134760421537,15.58876895904541,15.588910967316558,0.2131
chebyshev_d3_I1,4179,1,1,1,1,1,1,1,1,3.079460910816456e-05,9.155741898858594e-05,2.1307759284973145,2.1308040393147456,0.2049
chebyshev_d3_I1,4259,9,9,9,9,1,1,1,1,2.8146713731119766e-05,6.956235207056238e-05,3.187530994415283,3.187548571603605,0.2044
chebyshev_d3_I1,4286,0,0,0,0,1,1,1,1,3.0752871305766984e-05,5.2151910868047935e-05,2.03895902633667,2.0389695826301195,0.2099
chebyshev_d3_I1,4403,0,0,0,0,1,1,1,1,3.362399694182283e-05,8.662349830146354e-05,2.811171293258667,2.81120503597525,0.1995
chebyshev_d3_I1,4447,0,0,0,0,1,1,1,1,3.05596458565871e-05,7.942865079257899e-05,7.981813907623291,7.981886546487003,0.2061
chebyshev_d3_I1,4727,3,3,3,3,1,1,1,1,6.081563370798904e-05,0.00014597832532814436,11.890680313110352,11.89078820034337,0.2008
chebyshev_d3_I1,4768,4,4,4,4,1,1,1,1,6.501516438572885e-05,0.00012303366063193266,6.479829788208008,6.47989096086431,0.2067
chebyshev_d3_I1,4779,6,6,6,6,1,1,1,1,4.9033720900453715e-05,0.00011547637805797706,11.329663276672363,11.329759413305593,0.2236
chebyshev_d3_I1,4842,4,4,4,4,1,1,1,1,5.9755319067571896e-05,0.00013798064949099853,5.254560947418213,5.25461584603803,0.2083
chebyshev_d3_I1,5145,6,6,6,6,1,1,1,1,3.849354935390736e-05,8.906279859743904e-05,6.411332130432129,6.4113882805641795,0.215
chebyshev_d3_I1,5284,4,4,4,4,1,1,1,1,4.401181340987215e-05,7.03875544658672e-05,4.994479656219482,4.994527017904948,0.221
chebyshev_d3_I1,5393,4,4,4,4,1,1,1,1,4.265771551479059e-05,9.514266675303418e-05,8.387574195861816,8.387655340069582,0.2426
chebyshev_d3_I1,5457,1,1,8,8,1,0,0,1,2.779223187151722e-05,5.532332534841089e-05,3.7205443382263184,3.7205728111672083,0.2254
chebyshev_d3_I1,5483,0,0,0,0,1,1,1,1,4.5776871168934365e-05,9.863163200662939e-05,5.278354644775391,5.278411282824723,0.2578
chebyshev_d3_I1,5543,8,8,8,8,1,1,1,1,3.987766915416885e-05,8.098679623458338e-05,7.273524284362793,7.273583901435019,0.2197
chebyshev_d3_I1,5580,9,9,9,9,1,1,1,1,3.7854297623418634e-05,8.276472023283077e-05,5.75968599319458,5.75973001095544,0.232
chebyshev_d3_I1,5715,6,6,6,6,1,1,1,1,3.9376419228814855e-05,6.963646778679333e-05,5.527434349060059,5.527484212299225,0.2227
chebyshev_d3_I1,5781,9,9,9,9,1,1,1,1,3.95483651257994e-05,0.00010704702468444793,6.518161773681641,6.518218648444401,0.2368
chebyshev_d3_I1,5830,0,0,0,0,1,1,1,1,3.250921010000685e-05,6.408538099478278e-05,7.100283622741699,7.100349981598548,0.2869
chebyshev_d3_I1,6134,6,6,6,6,1,1,1,1,4.5274558606217544e-05,0.00011624416151079231,7.23616361618042,7.236229643267109,0.2401
chebyshev_d3_I1,6291,5,5,5,5,1,1,1,1,3.951248120605544e-05,8.483821777183209e-05,10.337686538696289,10.337770535487657,0.2316
chebyshev_d3_I1,6336,8,8,8,8,1,1,1,1,4.4841101651421635e-05,8.255377861843272e-05,4.78702449798584,4.787061405704585,0.2366
chebyshev_d3_I1,6429,0,0,0,0,1,1,1,1,6.603870352317465e-05,0.00016972541279258735,10.58019733428955,10.580309291116823,0.2429
chebyshev_d3_I1,6472,1,1,1,1,1,1,1,1,4.095577131966177e-05,7.194285106493226e-05,1.3117566108703613,1.311783482674918,0.2196
chebyshev_d3_I1,6581,2,2,2,2,1,1,1,1,6.209290055322059e-05,0.00011088787788970933,8.921037673950195,8.921100167870183,0.2247
chebyshev_d3_I1,6637,4,4,4,4,1,1,1,1,2.169077303733058e-05,4.4777794824035766e-05,2.8805782794952393,2.8806080777383496,0.2163
chebyshev_d3_I1,6800,2,2,2,2,1,1,1,1,5.481590270943748e-05,0.0001192836187229318,13.096736907958984,13.096845963326336,0.2216
chebyshev_d3_I1,6824,6,6,6,6,1,1,1,1,4.2486902325855615e-05,9.891464241817971e-05,9.469721794128418,9.4698033813273,0.2079
chebyshev_d3_I1,6880,5,5,5,5,1,1,1,1,8.115457937477589e-05,0.0001950416894480611,12.323915481567383,12.32403718938681,0.2228
chebyshev_d3_I1,6944,7,7,7,7,1,1,1,1,3.960316220146254e-05,0.00012057690771705154,6.091421127319336,6.091472739976237,0.2235
chebyshev_d3_I1,6973,3,3,3,3,1,1,1,1,5.354385696139767e-05,0.0001222600169707988,12.821093559265137,12.82120977066444,0.2088
chebyshev_d3_I1,7192,2,2,2,2,1,1,1,1,8.08413500666516e-05,0.00015181125582230948,10.186197280883789,10.186271087351802,0.1938
chebyshev_d3_I1,7222,3,3,3,3,1,1,1,1,9.437639764809935e-05,0.00022231180737009026,18.231338500976562,18.23150785847927,0.2111
chebyshev_d3_I1,7497,2,2,2,2,1,1,1,1,7.148410438020391e-05,0.00012474254892147485,7.495872974395752,7.49592671270168,0.2091
chebyshev_d3_I1,7636,1,1,1,1,1,1,1,1,2.9306515214122532e-05,9.543181213089724e-05,0.8700231313705444,0.8700423778037898,0.2078
chebyshev_d3_I1,7655,0,0,0,0,1,1,1,1,4.262707005242561e-05,0.0001003978218321322,9.677716255187988,9.677801611358486,0.2131
chebyshev_d3_I1,7961,8,8,8,8,1,1,1,1,3.654320288559998e-05,7.61997964282557e-05,8.717513084411621,8.71758256443996,0.2127
chebyshev_d3_I1,8021,0,0,0,0,1,1,1,1,3.8965958068773455e-05,9.41069471824818e-05,9.120579719543457,9.120646855905285,0.199
chebyshev_d3_I1,8122,5,5,5,5,1,1,1,1,3.6748144722764664e-05,8.086363957815479e-05,7.663572311401367,7.663641305002145,0.1928
chebyshev_d3_I1,8159,1,1,1,1,1,1,1,1,4.056131146995545e-05,6.461797100598687e-05,1.0699957609176636,1.0700106745866347,0.2075
chebyshev_d3_I1,8266,8,8,8,8,1,1,1,1,5.3800353241917345e-05,0.00011562331567560591,11.666526794433594,11.666612030942485,0.2158
chebyshev_d3_I1,8383,9,9,9,9,1,1,1,1,4.964151690949326e-05,0.00011134262664214134,6.21392297744751,6.213977480591232,0.2082
chebyshev_d3_I1,8525,7,7,7,7,1,1,1,1,5.6885974324261125e-05,0.00015473131792020922,3.139439105987549,3.1394560910428932,0.208
chebyshev_d3_I1,8612,2,2,2,2,1,1,1,1,6.435627954939349e-05,0.00013668128508115274,13.675874710083008,13.675991047034568,0.2014
chebyshev_d3_I1,8749,7,7,7,7,1,1,1,1,4.628764780076899e-05,0.00013606638053786924,6.7920451164245605,6.792091969239449,0.1941
chebyshev_d3_I1,8939,3,3,3,3,1,1,1,1,5.593124429315449e-05,0.00015056358056142471,11.263895988464355,11.264003134396296,0.2046
chebyshev_d3_I1,8962,9,9,9,9,1,1,1,1,5.3210403924996986e-05,0.00012528897221386615,5.628561019897461,5.62861647693344,0.2126
chebyshev_d3_I1,9298,5,5,5,5,1,1,1,1,6.74262271497167e-05,0.00013557080740866922,10.861708641052246,10.861800734687147,0.2146
chebyshev_d3_I1,9392,6,6,6,6,1,1,1,1,4.5313332378527084e-05,8.572690904529168e-05,3.9008803367614746,3.900913674343408,0.2005
chebyshev_d3_I1,9512,4,4,8,8,1,0,0,1,7.808844098651235e-05,0.00012656544640066159,1.018723487854004,1.0187236388008483,0.1974
chebyshev_d3_I1,9516,8,8,8,8,1,1,1,1,4.837003764663894e-05,0.0001178128543983803,13.955475807189941,13.955591886207118,0.2024
chebyshev_d3_I1,9536,3,3,3,3,1,1,1,1,6.091793979510207e-05,0.00017003085815758823,7.653525352478027,7.653601689350468,0.2224
chebyshev_d3_I1,9539,9,9,9,9,1,1,1,1,4.4689556352950355e-05,0.00011696566150121157,1.3519682884216309,1.3519870393301643,0.1978
chebyshev_d3_I1,9603,2,2,2,2,1,1,1,1,7.087967010874774e-05,0.00014506282315807084,14.045639991760254,14.045749201484647,0.2073
chebyshev_d3_I1,9624,3,3,3,3,1,1,1,1,7.054130529611235e-05,0.00015752070530439255,6.138402462005615,6.138476187613757,0.203
chebyshev_d3_I1,9626,5,5,5,5,1,1,1,1,3.465988473133758e-05,7.2052488008012e-05,5.498795032501221,5.4988368581688265,0.1947
chebyshev_d3_I1,9792,4,9,9,9,0,0,0,1,2.0811102718509833e-05,5.020428120872111e-05,1.1672271490097046,1.1672308205073225,0.1917
chebyshev_d3_I1,9861,4,4,4,4,1,1,1,1,4.192173054420323e-05,0.00011419582080485213,11.81947135925293,11.819577726613531,0.2054
least_squares_d3_I1,112,3,3,3,3,1,1,1,1,4.819419780885958e-05,0.00010409245833109537,9.316351890563965,9.316437578706502,0.2344
least_squares_d3_I1,120,5,5,5,5,1,1,1,1,7.800774602995109e-05,0.00020185887597534702,12.36246109008789,12.362573861810858,0.2198
least_squares_d3_I1,259,6,6,6,6,1,1,1,1,4.3880735947343655e-05,7.455765066488595e-05,0.12847375869750977,0.12847878713709981,0.2276
least_squares_d3_I1,411,7,7,7,7,1,1,1,1,4.386777116717755e-05,0.00011795447342066723,3.7131991386413574,3.713235967359612,0.2121
least_squares_d3_I1,481,9,9,9,9,1,1,1,1,4.265382187241817e-05,0.00011448047920659121,8.816512107849121,8.816591814789625,0.2096
least_squares_d3_I1,586,0,0,0,0,1,1,1,1,2.818963412314357e-05,5.86424325561552e-05,3.840653896331787,3.8406935410502103,0.2085
least_squares_d3_I1,589,4,4,4,4,1,1,1,1,3.344435718417582e-05,9.717769832029433e-05,2.566282033920288,2.5663123548897993,0.2102
least_squares_d3_I1,603,8,8,8,8,1,1,1,1,3.83717130622907e-05,7.371591952676226e-05,6.402873516082764,6.402926467665519,0.2183
least_squares_d3_I1,618,5,5,5,5,1,1,1,1,6.321458938662872e-05,0.00011091644353200536,7.940509796142578,7.940575533654902,0.213
least_squares_d3_I1,633,2,2,2,2,1,1,1,1,5.7688532950139757e-05,0.00012006674352704749,11.983901023864746,11.98400187513017,0.2147
least_squares_d3_I1,804,0,0,0,0,1,1,1,1,4.331317737529261e-05,9.819270536937097e-05,10.041372299194336,10.041465306423007,0.2087
least_squares_d3_I1,876,8,8,8,8,1,1,1,1,7.790786727212007e-05,0.00019250525962632992,11.893659591674805,11.893743416129652,0.2023
least_squares_d3_I1,912,3,3,3,3,1,1,1,1,0.00010336747743959762,0.00023907407882006737,15.29549503326416,15.295638635320763,0.2122
least_squares_d3_I1,928,9,9,9,9,1,1,1,1,3.7513757116042215e-05,9.44639588027485e-05,6.161892414093018,6.161944974571356,0.2137
least_squares_d3_I1,949,1,1,1,1,1,1,1,1,3.279021493897138e-05,9.764476997453642e-05,4.262613296508789,4.2626612516289475,0.2145
least_squares_d3_I1,1079,6,6,6,6,1,1,1,1,4.551487285144873e-05,0.0001064911749963926,8.96745491027832,8.967534016197003,0.2091
least_squares_d3_I1,1406,5,5,5,5,1,1,1,1,4.3736912166003615e-05,8.731443492848712e-05,4.835542678833008,4.835592863507815,0.2172
least_squares_d3_I1,1585,2,2,2,2,1,1,1,1,7.933002569251446e-05,0.00016434925320396587,10.385034561157227,10.385105678763065,0.207
least_squares_d3_I1,2157,2,2,2,2,1,1,1,1,8.065099540381093e-05,0.0001541379045804092,9.04432487487793,9.044401789787692,0.2147
least_squares_d3_I1,2235,1,1,1,1,1,1,1,1,4.207954553467896e-05,7.032237482818005e-05,0.9691355228424072,0.969144372226892,0.2099
least_squares_d3_I1,2509,4,4,4,4,1,1,1,1,2.9269182419866536e-05,5.769713761338835e-05,3.5311403274536133,3.531179651569949,0.2242
least_squares_d3_I1,2539,7,7,7,7,1,1,1,1,4.166010735114356e-05,0.00010528931773734485,2.1210103034973145,2.1210263927348585,0.2151
least_squares_d3_I1,2548,9,9,9,9,1,1,1,1,3.31063204792037e-05,7.796624433709098e-05,4.94787073135376,4.947909758626098,0.2055
least_squares_d3_I1,2681,3,3,3,3,1,1,1,1,4.512651752718311e-05,0.00011556482958852143,6.804704189300537,6.804774230112134,0.2112
least_squares_d3_I1,2949,8,8,8,8,1,1,1,1,3.1082296413484366e-05,6.748446019599896e-05,6.3156657218933105,6.315710608627613,0.2098
least_squares_d3_I1,3039,1,1,8,8,1,0,0,1,2.0492003379779522e-05,6.554873610298273e-05,1.028792381286621,1.0287907532953513,0.2186
least_squares_d3_I1,3053,5,5,5,5,1,1,1,1,7.772600991742817e-05,0.00018256566997010282,14.923645973205566,14.923787116616928,0.2039
least_squares_d3_I1,3097,1,1,1,1,1,1,1,1,4.035072600698797e-05,6.703927368789664e-05,1.2506294250488281,1.2506430830976476,0.226
least_squares_d3_I1,3115,5,5,5,5,1,1,1,1,1.8976490770947206e-05,5.5222793123199665e-05,1.4674354791641235,1.4674479131578664,0.2225
least_squares_d3_I1,3181,6,6,6,6,1,1,1,1,5.55305422226926e-05,0.00011098452935343062,5.025781154632568,5.0258154673083215,0.2056
least_squares_d3_I1,3218,6,6,6,6,1,1,1,1,5.2876529432177576e-05,0.0001265274733039945,1.3840279579162598,1.3840485246881338,0.216
least_squares_d3_I1,3376,7,7,7,7,1,1,1,1,3.317456647608241e-05,0.00010042681813615673,5.183820724487305,5.183856492848563,0.2214
least_squares_d3_I1,3575,7,7,7,7,1,1,1,1,5.485626153938217e-05,0.00013454774722632123,8.767876625061035,8.767971367710881,0.2181
least_squares_d3_I1,3628,2,2,2,2,1,1,1,1,9.627741981612647e-05,0.00018069009250609724,12.909645080566406,12.909750979369027,0.2112
least_squares_d3_I1,3644,8,8,8,8,1,1,1,1,3.471879815780676e-05,7.057530829968073e-05,8.57890510559082,8.578970364446572,0.2138
least_squares_d3_I1,3656,7,7,7,7,1,1,1,1,5.627799051772797e-05,0.0001380829782178239,1.618290901184082,1.6183016907093801,0.1985
least_squares_d3_I1,3679,1,1,1,1,1,1,1,1,4.028724730358313e-05,7.075506037423906e-05,2.7414608001708984,2.7414961758822245,0.2076
least_squares_d3_I1,3771,8,8,8,8,1,1,1,1,3.779110060615487e-05,7.42368230692847e-05,7.631241321563721,7.631304974884464,0.2201
least_squares_d3_I1,3999,9,9,9,9,1,1,1,1,5.5028388929040384e-05,0.00014238610127748075,10.354248046875,10.354329010063738,0.2073
least_squares_d3_I1,4007,7,7,7,7,1,1,1,1,1.91513904331142e-05,6.806375847467905e-05,2.264139175415039,2.2641629055712267,0.2159
least_squares_d3_I1,4089,7,7,7,7,1,1,1,1,4.289304077298439e-05,0.00011580817708534141,7.385669231414795,7.385723851195778,0.209
least_squares_d3_I1,4162,3,3,3,3,1,1,1,1,0.00010838434404729647,0.00024140402332406552,17.2910213470459,17.29117976121185,0.2216
least_squares_d3_I1,4179,1,1,1,1,1,1,1,1,3.28926538432639e-05,9.281006043870832e-05,3.0158112049102783,3.0158472684912683,0.2091
least_squares_d3_I1,4259,9,9,9,9,1,1,1,1,3.0028781380642133e-05,6.680888987276035e-05,3.1847853660583496,3.1848041875876807,0.213
least_squares_d3_I1,4286,0,0,0,0,1,1,1,1,3.4382588355558186e-05,5.5409592617294834e-05,2.820094108581543,2.820118669209757,0.2105
least_squares_d3_I1,4403,0,0,0,0,1,1,1,1,3.8815884476561815e-05,9.133587670184795e-05,4.048861026763916,4.0489069858247095,0.2228
least_squares_d3_I1,4447,0,0,0,0,1,1,1,1,3.4870645647144814e-05,9.011994815288915e-05,9.658498764038086,9.658592876488926,0.2214
least_squares_d3_I1,4727,3,3,3,3,1,1,1,1,6.726439635234005e-05,0.0001574396294898861,13.524088859558105,13.524218800818945,0.2166
least_squares_d3_I1,4768,4,4,4,4,1,1,1,1,6.548500842820104e-05,0.0001260501634039457,7.557621479034424,7.557689196441869,0.2111
least_squares_d3_I1,4779,6,6,6,6,1,1,1,1,5.573225283501126e-05,0.0001259829309603333,12.377599716186523,12.377700902472807,0.208
least_squares_d3_I1,4842,4,4,4,4,1,1,1,1,6.047044734234924e-05,0.0001308073271104604,6.015141487121582,6.0151981954929585,0.2097
least_squares_d3_I1,5145,6,6,6,6,1,1,1,1,4.3716244655450656e-05,9.989876263460928e-05,7.230470657348633,7.2305324987049895,0.2119
least_squares_d3_I1,5284,4,4,4,4,1,1,1,1,4.551958996565908e-05,8.032068681629312e-05,5.605810642242432,5.6058608658193485,0.2177
least_squares_d3_I1,5393,4,4,4,4,1,1,1,1,4.753719817249813e-05,0.00010308159948202444,9.457149505615234,9.457238220606005,0.2065
least_squares_d3_I1,5457,1,1,8,8,1,0,0,1,2.966066220829455e-05,6.836974989710143e-05,2.8850197792053223,2.885033067485991,0.2123
least_squares_d3_I1,5483,0,0,0,0,1,1,1,1,5.6872444969069404e-05,0.00012394812330285276,7.7609381675720215,7.7610161008384555,0.2146
least_squares_d3_I1,5543,8,8,8,8,1,1,1,1,4.214975306547075e-05,9.18182984523952e-05,7.131717681884766,7.131782062340826,0.2096
least_squares_d3_I1,5580,9,9,9,9,1,1,1,1,3.759716669108903e-05,8.049315438540816e-05,5.867179870605469,5.867224183489471,0.2084
least_squares_d3_I1,5715,6,6,6,6,1,1,1,1,4.3480725184763534e-05,8.168933545960044e-05,6.861773490905762,6.861835000676145,0.2085
least_squares_d3_I1,5781,9,9,9,9,1,1,1,1,4.266718454858376e-05,0.00011380181663867006,7.257219314575195,7.257283769550103,0.2136
least_squares_d3_I1,5830,0,0,0,0,1,1,1,1,3.96800120946339e-05,8.42735261912253e-05,8.968628883361816,8.968713820558774,0.2107
least_squares_d3_I1,6134,6,6,6,6,1,1,1,1,4.812666509244057e-05,0.00012306171053921844,8.75415325164795,8.754229996189656,0.2185
least_squares_d3_I1,6291,5,5,5,5,1,1,1,1,4.407004342476123e-05,9.020980180096672e-05,10.679670333862305,10.679758757605294,0.2234
least_squares_d3_I1,6336,8,8,8,8,1,1,1,1,4.582605724888222e-05,9.196898425400946e-05,4.401679992675781,4.4017139612357825,0.2193
least_squares_d3_I1,6429,0,0,0,0,1,1,1,1,8.13645342396127e-05,0.00018228646507623125,13.446157455444336,13.446289791866725,0.2247
least_squares_d3_I1,6472,1,1,1,1,1,1,1,1,4.67581920827076e-05,8.587523959846521e-05,2.7265982627868652,2.726638987066587,0.2739
least_squares_d3_I1,6581,2,2,2,2,1,1,1,1,6.798996939001433e-05,0.00012428428303579153,9.187078475952148,9.18714843963259,0.2474
least_squares_d3_I1,6637,4,4,4,4,1,1,1,1,2.3938640355214424e-05,4.2087681292102275e-05,3.9211277961730957,3.921164605041182,0.2435
least_squares_d3_I1,6800,2,2,2,2,1,1,1,1,6.327129602890779e-05,0.0001334852356968952,14.606552124023438,14.60667593234857,0.2374
least_squares_d3_I1,6824,6,6,6,6,1,1,1,1,4.745963281661547e-05,0.00011344272684965517,11.190266609191895,11.190361367524531,0.238
least_squares_d3_I1,6880,5,5,5,5,1,1,1,1,8.939364891668023e-05,0.00023310181823177345,15.435914993286133,15.43607673800997,0.231
least_squares_d3_I1,6944,7,7,7,7,1,1,1,1,4.415266682449293e-05,0.00013309894307411696,7.382305145263672,7.382365549440319,0.2303
least_squares_d3_I1,6973,3,3,3,3,1,1,1,1,6.0856492492117334e-05,0.00013507796589351528,14.682636260986328,14.682770813693411,0.2335
least_squares_d3_I1,7192,2,2,2,2,1,1,1,1,9.318663702879149e-05,0.00017642018224961475,10.986120223999023,10.986204970782655,0.2274
least_squares_d3_I1,7222,3,3,3,3,1,1,1,1,0.00010951995168954066,0.0002456964573980258,20.04119873046875,20.041384911378426,0.2323
least_squares_d3_I1,7497,2,2,2,2,1,1,1,1,7.719786421487296e-05,0.0001488642090592407,7.79587459564209,7.795932139979039,0.2286
least_squares_d3_I1,7636,1,1,1,1,1,1,1,1,3.0922127771471077e-05,9.613568956368113e-05,1.7894717454910278,1.7894979661645278,0.2349
least_squares_d3_I1,7655,0,0,0,0,1,1,1,1,5.198215956998542e-05,0.00012267727709058818,11.320121765136719,11.320222234313409,0.2275
least_squares_d3_I1,7961,8,8,8,8,1,1,1,1,3.719736438793919e-05,8.318253436812029e-05,8.106365203857422,8.106433160299117,0.2376
least_squares_d3_I1,8021,0,0,0,0,1,1,1,1,4.261813288133354e-05,9.978229286922158e-05,9.578392028808594,9.578464281008687,0.2302
least_squares_d3_I1,8122,5,5,5,5,1,1,1,1,3.83497242923081e-05,8.606866648896982e-05,8.993156433105469,8.993235349772872,0.2382
least_squares_d3_I1,8159,1,1,1,1,1,1,1,1,4.460928829010946e-05,7.264598461986793e-05,1.9941673278808594,1.9941899746440814,0.2316
least_squares_d3_I1,8266,8,8,8,8,1,1,1,1,5.636746355068278e-05,0.00012730510164615794,11.456626892089844,11.456712057094617,0.2315
least_squares_d3_I1,8383,9,9,9,9,1,1,1,1,5.315467771817017e-05,0.00011769744008205407,7.366135597229004,7.366199745489088,0.2303
least_squares_d3_I1,8525,7,7,7,7,1,1,1,1,6.443977411250135e-05,0.00016122860281342355,2.8829259872436523,2.8829392176909536,0.2299
least_squares_d3_I1,8612,2,2,2,2,1,1,1,1,7.160673965809217e-05,0.0001534018817963556,14.49211311340332,14.492235186888887,0.2284
least_squares_d3_I1,8749,7,7,7,7,1,1,1,1,5.128698237766294e-05,0.00014678683560021,6.501117706298828,6.501166793278241,0.2332
least_squares_d3_I1,8939,3,3,3,3,1,1,1,1,6.022489261955921e-05,0.0001604680673636949,12.82839584350586,12.828519379071587,0.2391
least_squares_d3_I1,8962,9,9,9,9,1,1,1,1,5.674114035573163e-05,0.00013351094336400138,7.355299949645996,7.355369526104985,0.2368
least_squares_d3_I1,9298,5,5,5,5,1,1,1,1,7.568278165683839e-05,0.00014801744346470969,11.852298736572266,11.852406508570397,0.2309
least_squares_d3_I1,9392,6,6,6,6,1,1,1,1,5.123242278470552e-05,9.693388900089417e-05,4.709486961364746,4.709526578123982,0.234
least_squares_d3_I1,9512,4,4,8,8,1,0,0,1,8.916550240254396e-05,0.00014381558250420312,0.26038265228271484,0.2603753900026362,0.2298
least_squares_d3_I1,9516,8,8,8,8,1,1,1,1,4.988367964304796e-05,0.00011840692454434532,14.217363357543945,14.21748292422254,0.2396
least_squares_d3_I1,9536,3,3,3,3,1,1,1,1,6.743646748772481e-05,0.0001827654187565031,8.923383712768555,8.92347319683773,0.2303
least_squares_d3_I1,9539,9,9,9,9,1,1,1,1,4.759861292862322e-05,0.00012138778386727722,2.4242501258850098,2.424279251705107,0.2435
least_squares_d3_I1,9603,2,2,2,2,1,1,1,1,8.189716270728953e-05,0.00017419281809338827,15.247650146484375,15.247783410340752,0.2311
least_squares_d3_I1,9624,3,3,3,3,1,1,1,1,7.757494968028134e-05,0.0001793526089279851,8.707337379455566,8.707433755075826,0.2283
least_squares_d3_I1,9626,5,5,5,5,1,1,1,1,3.7180142043224953e-05,7.267724510029439e-05,5.497979640960693,5.49802246051974,0.232
least_squares_d3_I1,9792,4,9,9,9,0,0,0,1,2.2270772168775377e-05,4.9841454673682506e-05,0.787914514541626,0.7879154775951459,0.2371
least_squares_d3_I1,9861,4,4,4,4,1,1,1,1,4.9704676356057685e-05,0.00013103921964408016,13.531610488891602,13.53173141615401,0.2346
chebyshev_d5_I1,112,3,3,3,3,1,1,1,1,6.835574791811475e-05,0.00015827080938635163,12.752739906311035,12.752895520465467,0.3274
chebyshev_d5_I1,120,5,5,5,5,1,1,1,1,0.0012353545770253493,0.0028350195943205314,11.2472562789917,11.248642311341435,0.3114
chebyshev_d5_I1,259,6,6,6,6,1,1,1,1,0.00014213137576470913,0.00029353373164964225,0.9299159049987793,0.930130832401959,0.3043
chebyshev_d5_I1,411,7,7,7,7,1,1,1,1,6.203683534471427e-05,0.00016249131721579602,6.3003339767456055,6.300405968460818,0.2984
chebyshev_d5_I1,481,9,9,9,9,1,1,1,1,6.670430707830243e-05,0.00016803051452574103,10.93870735168457,10.93880241199594,0.2944
chebyshev_d5_I1,586,0,0,0,0,1,1,1,1,0.00046548899022685886,0.0009094094964372523,7.410122871398926,7.411062340413045,0.2904
chebyshev_d5_I1,589,4,4,4,4,1,1,1,1,6.500998146110603e-05,0.0001549596554468735,5.358201503753662,5.358288285915524,0.2839
chebyshev_d5_I1,603,8,8,8,8,1,1,1,1,6.185452509857025e-05,0.00015132248592308883,7.568953990936279,7.56906198060039,0.2976
chebyshev_d5_I1,618,5,5,5,5,1,1,1,1,0.0006040510956885292,0.0013949082303881255,8.855819702148438,8.857770816531302,0.2815
chebyshev_d5_I1,633,2,2,2,2,1,1,1,1,9.706916769752529e-05,0.00019828653089959403,16.540494918823242,16.540675127300858,0.2886
chebyshev_d5_I1,804,0,0,0,0,1,1,1,1,0.0003039894271720467,0.0008100806047117715,9.556917190551758,9.557384079108358,0.2883
chebyshev_d5_I1,876,8,8,8,8,1,1,1,1,0.0005930417648112752,0.0010712519762030581,12.622119903564453,12.622394178016691,0.2928
chebyshev_d5_I1,912,3,3,3,3,1,1,1,1,0.0011121096812796605,0.0024162566820176146,15.457664489746094,15.457813173283402,0.2921
chebyshev_d5_I1,928,9,9,9,9,1,1,1,1,0.00010407574777585305,0.0002969601591145121,9.369634628295898,9.36977813054667,0.2869
chebyshev_d5_I1,949,1,1,1,1,1,1,1,1,6.581356632194835e-05,0.000139037242071538,8.7714262008667,8.771556050200426,0.2843
chebyshev_d5_I1,1079,6,6,6,6,1,1,1,1,0.00011328496850919745,0.00021485571595647457,11.229816436767578,11.229882302175804,0.2961
chebyshev_d5_I1,1406,5,5,5,5,1,1,1,1,6.105926716148957e-05,0.00010426813256003697,9.385147094726562,9.385267617769326,0.2888
chebyshev_d5_I1,1585,2,2,2,2,1,1,1,1,0.00022378614209466184,0.0005348801447411233,15.00855827331543,15.008893625822116,0.2831
chebyshev_d5_I1,2157,2,2,2,2,1,1,1,1,0.00023626472097384443,0.0005169044004604828,8.900835037231445,8.901036162158162,0.2837
chebyshev_d5_I1,2235,1,1,1,1,1,1,1,1,0.00011822763476736776,0.00021199052257614426,5.691113471984863,5.691029286572734,0.2828
chebyshev_d5_I1,2509,4,4,4,4,1,1,1,1,5.1121362866579646e-05,0.00011600527240851477,6.987644195556641,6.987750906001067,0.2989
chebyshev_d5_I1,2539,7,7,7,7,1,1,1,1,5.63495239266576e-05,0.00012267241990571165,4.585773468017578,4.585808955249943,0.2906
chebyshev_d5_I1,2548,9,9,9,9,1,1,1,1,9.591215912422291e-05,0.0001867134975803708,6.271717071533203,6.271813763291366,0.2991
chebyshev_d5_I1,2681,3,3,3,3,1,1,1,1,7.701850402496712e-05,0.00021699808493735873,11.54248046875,11.542614819394947,0.2887
chebyshev_d5_I1,2949,8,8,8,8,1,1,1,1,4.2403036199312184e-05,0.00011449938210006394,7.963783264160156,7.963845622795317,0.2944
chebyshev_d5_I1,3039,1,1,1,1,1,1,1,1,2.6371743344705267e-05,8.454845179173276e-05,1.819058895111084,1.8190850159511447,0.2916
chebyshev_d5_I1,3053,5,5,5,5,1,1,1,1,0.0003415574755021758,0.0006653475824762722,17.330446243286133,17.33057457921007,0.2846
chebyshev_d5_I1,3097,1,1,1,1,1,1,1,1,8.073095327463254e-05,0.00019376951815175403,4.062141418457031,4.06215912728249,0.2994
chebyshev_d5_I1,3115,5,5,5,5,1,1,1,1,2.924001336035431e-05,7.495442113913953e-05,1.3870705366134644,1.3870872833634684,0.293
chebyshev_d5_I1,3181,6,6,6,6,1,1,1,1,0.0002124908110297863,0.0004961924879531843,6.305279731750488,6.305210105111928,0.2966
chebyshev_d5_I1,3218,6,6,6,6,1,1,1,1,0.00018873243697137276,0.00037290065583306387,3.245543956756592,3.245421938639854,0.3069
chebyshev_d5_I1,3376,7,7,7,7,1,1,1,1,7.566082545650277e-05,0.0002106237010330858,5.470748424530029,5.47067893180529,0.2993
chebyshev_d5_I1,3575,7,7,7,7,1,1,1,1,0.00030142636543747795,0.0006528084728429917,12.46216869354248,12.462225393109428,0.3138
chebyshev_d5_I1,3628,2,2,2,2,1,1,1,1,0.0002313606638834731,0.0004310394981548171,18.64896011352539,18.649601132306632,0.2984
chebyshev_d5_I1,3644,8,8,8,8,1,1,1,1,4.816232712194779e-05,0.0001109521783657641,10.401323318481445,10.40143673442571,0.2933
chebyshev_d5_I1,3656,7,7,7,7,1,1,1,1,0.00010968117068987926,0.00020395796277128397,4.135753631591797,4.135773379283092,0.2884
chebyshev_d5_I1,3679,1,1,1,1,1,1,1,1,7.115287522418411e-05,0.0001333173274922217,3.0227222442626953,3.0226680559729306,0.2896
chebyshev_d5_I1,3771,8,8,8,8,1,1,1,1,5.681674738154952e-05,0.00012421988162714115,8.455696105957031,8.45579097152305,0.2869
chebyshev_d5_I1,3999,9,9,9,9,1,1,1,1,0.0001571751725359727,0.00029814672200600967,11.957561492919922,11.957635303846352,0.2894
chebyshev_d5_I1,4007,7,7,7,7,1,1,1,1,2.8283805201659296e-05,8.212858713640969e-05,3.6287002563476562,3.628729945200874,0.2898
chebyshev_d5_I1,4089,7,7,7,7,1,1,1,1,6.710487057101644e-05,0.0001796345666988941,9.166303634643555,9.16644529607619,0.2894
chebyshev_d5_I1,4162,3,3,3,3,1,1,1,1,0.00039461800706108165,0.0010729938817348739,16.797651290893555,16.79737682465636,0.2927
chebyshev_d5_I1,4179,1,1,1,1,1,1,1,1,4.996261969922866e-05,0.00013357222339216435,7.458279609680176,7.458377631485485,0.2937
chebyshev_d5_I1,4259,9,9,9,9,1,1,1,1,5.10089640936795e-05,6.903695481241812e-05,3.196472406387329,3.1964963181467114,0.3052
chebyshev_d5_I1,4286,0,0,0,0,1,1,1,1,0.0008224678301668731,0.0015854888477218054,5.488448143005371,5.489572128089257,0.3046
chebyshev_d5_I1,4403,0,0,0,0,1,1,1,1,0.00023713336971269426,0.00042660713468900546,5.65301513671875,5.653461396376692,0.3051
chebyshev_d5_I1,4447,0,0,0,0,1,1,1,1,6.884672359261935e-05,0.00017332734573471953,12.249125480651855,12.249272561759872,0.2976
chebyshev_d5_I1,4727,3,3,3,3,1,1,1,1,8.581074923755131e-05,0.0001507184373430448,10.075542449951172,10.075725793579231,0.2894
chebyshev_d5_I1,4768,4,4,4,4,1,1,1,1,0.0006759912518798372,0.0011665143456660587,3.136110305786133,3.1358371946168013,0.303
chebyshev_d5_I1,4779,6,6,6,6,1,1,1,1,0.00015838072219444,0.00037720155071063743,14.766257286071777,14.766497676566651,0.3265
chebyshev_d5_I1,4842,4,4,4,4,1,1,1,1,0.0005119736473072955,0.001085089130379302,8.009689331054688,8.009766750593577,0.3009
chebyshev_d5_I1,5145,6,6,6,6,1,1,1,1,8.391885610222748e-05,0.0002459627022517452,8.604846954345703,8.604922379654447,0.3007
chebyshev_d5_I1,5284,4,4,4,4,1,1,1,1,0.00034940999918494644,0.0006652483143341215,7.428367614746094,7.428948912493773,0.3151
chebyshev_d5_I1,5393,4,4,4,4,1,1,1,1,0.00019228745457235962,0.0005216791282807165,12.668929100036621,12.66890917025766,0.3045
chebyshev_d5_I1,5457,1,1,1,1,1,1,1,1,4.492083110999578e-05,0.00011490895487398234,0.7636306285858154,0.7636630791694108,0.2964
chebyshev_d5_I1,5483,0,0,0,0,1,1,1,1,0.00013376491089498455,0.00037411272198450973,8.748092651367188,8.74771374383549,0.2947
chebyshev_d5_I1,5543,8,8,8,8,1,1,1,1,0.00018796743863542799,0.0003558234969105456,9.222612380981445,9.22273406361488,0.295
chebyshev_d5_I1,5580,9,9,9,9,1,1,1,1,0.00010686443655982814,0.0002623427242021137,7.677555084228516,7.677815700058176,0.2802
chebyshev_d5_I1,5715,6,6,6,6,1,1,1,1,8.953851656858802e-05,0.0001818310530445899,10.474029541015625,10.47404518692355,0.2908
chebyshev_d5_I1,5781,9,9,9,9,1,1,1,1,7.062931292179941e-05,0.00018904829094168463,9.929954528808594,9.930061112028685,0.2959
chebyshev_d5_I1,5830,0,0,0,0,1,1,1,1,0.0016346426697838312,0.0033329194006395113,10.532352447509766,10.532195077260116,0.2917
chebyshev_d5_I1,6134,6,6,6,6,1,1,1,1,0.0003385923996867657,0.0007267116132716467,11.629521369934082,11.629266077401862,0.2871
chebyshev_d5_I1,6291,5,5,5,5,1,1,1,1,0.0002596104408078892,0.0007074986383162063,14.6865873336792,14.686270196929883,0.2918
chebyshev_d5_I1,6336,8,8,8,8,1,1,1,1,5.7997964888811815e-05,0.0001378903588946656,4.442254543304443,4.44233822435534,0.2904
chebyshev_d5_I1,6429,0,0,0,0,1,1,1,1,0.0016359188170750993,0.0032468061595221087,12.851207733154297,12.852559029583718,0.2981
chebyshev_d5_I1,6472,1,1,1,1,1,1,1,1,9.591206139790698e-05,0.0002056318222667386,7.053497314453125,7.053638550461371,0.2944
chebyshev_d5_I1,6581,2,2,2,2,1,1,1,1,0.00018388275399807696,0.000324416111517678,9.420658111572266,9.420622218705326,0.2926
chebyshev_d5_I1,6637,4,4,4,4,1,1,1,1,3.871151642038661e-05,7.739464212797031e-05,7.570839881896973,7.570913391392057,0.2883
chebyshev_d5_I1,6800,2,2,2,2,1,1,1,1,0.00022178646027573023,0.0004606047503656896,14.762897491455078,14.763164888305322,0.2898
chebyshev_d5_I1,6824,6,6,6,6,1,1,1,1,0.00011790940469370015,0.00020837084051805732,14.32502269744873,14.325000817082527,0.2843
chebyshev_d5_I1,6880,5,5,5,5,1,1,1,1,0.0027624895907466225,0.007325048207752816,13.65906047821045,13.661731046940291,0.2896
chebyshev_d5_I1,6944,7,7,7,7,1,1,1,1,0.00016882016154560198,0.0003954138636554916,7.706460952758789,7.7065586138584505,0.2878
chebyshev_d5_I1,6973,3,3,3,3,1,1,1,1,0.00014575674378261016,0.0002855453440631095,15.680758476257324,15.680932769669742,0.2947
chebyshev_d5_I1,7192,2,2,2,2,1,1,1,1,0.0008914672362576592,0.0014745696837934474,13.413161277770996,13.412954816667916,0.2919
chebyshev_d5_I1,7222,3,3,3,3,1,1,1,1,0.00034554613828211565,0.0009307802606969284,19.40239143371582,19.401795440279813,0.2914
chebyshev_d5_I1,7497,2,2,2,2,1,1,1,1,0.0002139001696477294,0.0006184898078451795,7.291701316833496,7.291792939401809,0.2937
chebyshev_d5_I1,7636,1,1,1,1,1,1,1,1,4.850629873285328e-05,0.00013019425964877485,6.465425968170166,6.465507019983891,0.2966
chebyshev_d5_I1,7655,0,0,0,0,1,1,1,1,0.00033972240664814635,0.0007681019385961108,14.738773345947266,14.738741997969342,0.286
chebyshev_d5_I1,7961,8,8,8,8,1,1,1,1,4.483503172154901e-05,0.00013271592267916077,11.19857120513916,11.198587059611421,0.2961
chebyshev_d5_I1,8021,0,0,0,0,1,1,1,1,0.0002828175284637413,0.00044514031061471115,9.981366157531738,9.980866159335768,0.2924
chebyshev_d5_I1,8122,5,5,5,5,1,1,1,1,6.408685124056345e-05,0.0001381611293371776,12.993950843811035,12.994133970964384,0.2973
chebyshev_d5_I1,8159,1,1,1,1,1,1,1,1,7.024774122743604e-05,0.00023621932460926587,4.774203300476074,4.774143137787998,0.2973
chebyshev_d5_I1,8266,8,8,8,8,1,1,1,1,0.0001922544565748807,0.00045868730633191745,16.204307556152344,16.20455876441293,0.2821
chebyshev_d5_I1,8383,9,9,9,9,1,1,1,1,0.00012051760532286738,0.0002511387240300422,10.186888694763184,10.186967680379517,0.2897
chebyshev_d5_I1,8525,7,7,7,7,1,1,1,1,0.00037803444556248065,0.0008081459811855041,11.448445320129395,11.448017000951971,0.3012
chebyshev_d5_I1,8612,2,2,2,2,1,1,1,1,0.00013355321238345264,0.00025824254186801454,18.595264434814453,18.595333471804842,0.2763
chebyshev_d5_I1,8749,7,7,7,7,1,1,1,1,0.00014890006977164028,0.00039295687811069513,15.263798713684082,15.263807535988027,0.2917
chebyshev_d5_I1,8939,3,3,3,3,1,1,1,1,0.0001339534502912354,0.00028175766666294066,14.349891662597656,14.34990073104457,0.2895
chebyshev_d5_I1,8962,9,9,9,9,1,1,1,1,0.0001240406192173249,0.0003207283875212852,9.091730117797852,9.091783470996493,0.2884
chebyshev_d5_I1,9298,5,5,5,5,1,1,1,1,0.000662402849950694,0.001581656872352788,12.898138046264648,12.898635967205353,0.2859
chebyshev_d5_I1,9392,6,6,6,6,1,1,1,1,0.00016938066366365412,0.00037940501740685306,10.219730377197266,10.22021821610662,0.2875
chebyshev_d5_I1,9512,4,4,4,4,1,1,1,1,0.00024367809720331478,0.0004956214369968848,3.0369625091552734,3.036487138124029,0.2932
chebyshev_d5_I1,9516,8,8,8,8,1,1,1,1,7.012702317645835e-05,0.000177164147352471,17.304590225219727,17.304785704808147,0.3319
chebyshev_d5_I1,9536,3,3,3,3,1,1,1,1,8.863653225112955e-05,0.0002417367550151539,5.966367721557617,5.966310557530214,0.3098
chebyshev_d5_I1,9539,9,9,9,9,1,1,1,1,8.619659868696062e-05,0.00018770925529665305,5.9095563888549805,5.909600715545089,0.3103
chebyshev_d5_I1,9603,2,2,2,2,1,1,1,1,0.0004504108149557595,0.0008736955156281034,17.349903106689453,17.349955901726887,0.2834
chebyshev_d5_I1,9624,3,3,3,3,1,1,1,1,0.0001939983924841515,0.0003873409715460241,11.228580474853516,11.22901928302351,0.281
chebyshev_d5_I1,9626,5,5,5,5,1,1,1,1,7.841167355828737e-05,0.00021667790809942744,6.259904861450195,6.2599850588978105,0.2971
chebyshev_d5_I1,9792,4,9,9,9,0,0,0,1,4.477720833063053e-05,9.037982523096844e-05,1.1222971677780151,1.122307611037611,0.2838
chebyshev_d5_I1,9861,4,4,4,4,1,1,1,1,0.00012246900417314243,0.0002981118453977416,10.913561820983887,10.913652109924474,0.2892
least_squares_d5_I1,112,3,3,3,3,1,1,1,1,8.358377967168095e-05,0.00017519121850639863,13.14742374420166,13.147578883677479,0.3251
least_squares_d5_I1,120,5,5,5,5,1,1,1,1,0.0024133546102159897,0.005004335315288877,11.198545455932617,11.198589916172082,0.3014
least_squares_d5_I1,259,6,6,6,6,1,1,1,1,0.00011734789278832203,0.0002674837599094815,0.9763593673706055,0.976547157035748,0.2918
least_squares_d5_I1,411,7,7,7,7,1,1,1,1,8.716967708521928e-05,0.00016349896845468948,6.495248317718506,6.495348677024781,0.2839
least_squares_d5_I1,481,9,9,9,9,1,1,1,1,0.00018925488188178407,0.00040063645279886373,10.658846855163574,10.658956398619953,0.3015
least_squares_d5_I1,586,0,0,0,0,1,1,1,1,0.0001772627832205137,0.00035125440927075147,7.536093235015869,7.5360318531241,0.2966
least_squares_d5_I1,589,4,4,4,4,1,1,1,1,5.9392575229907926e-05,0.00015795750035074718,5.786292552947998,5.786332655329401,0.2914
least_squares_d5_I1,603,8,8,8,8,1,1,1,1,3.9415047217405964e-05,0.00010136881859423852,7.872381210327148,7.872451375968276,0.2986
least_squares_d5_I1,618,5,5,5,5,1,1,1,1,0.0008971874329239959,0.0018455331798357122,8.778669357299805,8.78139052267357,0.3002
least_squares_d5_I1,633,2,2,2,2,1,1,1,1,0.0002217926530365788,0.0004046559624590884,17.085247039794922,17.085378376986355,0.2912
least_squares_d5_I1,804,0,0,0,0,1,1,1,1,0.00022902898663113014,0.0005391104367964417,9.358747482299805,9.358580565850675,0.2824
least_squares_d5_I1,876,8,8,8,8,1,1,1,1,0.00025696786222155764,0.00039676781402420147,12.81109619140625,12.811166058576001,0.2926
least_squares_d5_I1,912,3,3,3,3,1,1,1,1,0.003954122058310805,0.00879583757505742,15.383256912231445,15.38437209733344,0.2896
least_squares_d5_I1,928,9,9,9,9,1,1,1,1,9.414513039813222e-05,0.00030785256122989324,9.301563262939453,9.301750202177082,0.2913
least_squares_d5_I1,949,1,1,1,1,1,1,1,1,7.27022358955276e-05,0.0001368036234286052,9.279214859008789,9.279316536390164,0.2869
least_squares_d5_I1,1079,6,6,6,6,1,1,1,1,0.00018803953094930214,0.00029627818679500706,11.478616714477539,11.478825690277649,0.2879
least_squares_d5_I1,1406,5,5,5,5,1,1,1,1,9.054519800457683e-05,0.0001569472490867696,9.888132095336914,9.88828864695616,0.2976
least_squares_d5_I1,1585,2,2,2,2,1,1,1,1,0.0001644104630104004,0.0003867178392624737,16.15279769897461,16.152537651808778,0.2977
least_squares_d5_I1,2157,2,2,2,2,1,1,1,1,0.0002974061765538938,0.001009216556892234,8.318941116333008,8.319080371889662,0.2977
least_squares_d5_I1,2235,1,1,1,1,1,1,1,1,8.383913757156191e-05,0.00015988702364921892,6.1322407722473145,6.1323601601844455,0.2868
least_squares_d5_I1,2509,4,4,4,4,1,1,1,1,3.912550727664943e-05,0.0001091850670036365,7.605639934539795,7.605739619923362,0.2887
least_squares_d5_I1,2539,7,7,7,7,1,1,1,1,9.923626746322078e-05,0.00025579848898971136,5.081525802612305,5.081578462369054,0.2841
least_squares_d5_I1,2548,9,9,9,9,1,1,1,1,0.00026267586381103494,0.00045505942327750404,5.79695987701416,5.797050742713777,0.282
least_squares_d5_I1,2681,3,3,3,3,1,1,1,1,7.032305236619463e-05,0.00023152294181727484,12.052720069885254,12.052823952477675,0.286
least_squares_d5_I1,2949,8,8,8,8,1,1,1,1,4.284061424203456e-05,0.00011261808630536052,8.258115768432617,8.258199959860683,0.2961
least_squares_d5_I1,3039,1,1,1,1,1,1,1,1,2.8024356705635967e-05,8.985835815344956e-05,2.1377389430999756,2.1377711440928766,0.2948
least_squares_d5_I1,3053,5,5,5,5,1,1,1,1,0.0004481141869461691,0.000987689500790978,17.9083309173584,17.908830747542012,0.2869
least_squares_d5_I1,3097,1,1,1,1,1,1,1,1,0.0001186248120458977,0.00021194209780261986,4.296189308166504,4.296048715606668,0.2901
least_squares_d5_I1,3115,5,5,5,5,1,1,1,1,3.127782221159503e-05,8.139081751323829e-05,1.3901828527450562,1.390194537062351,0.2884
least_squares_d5_I1,3181,6,6,6,6,1,1,1,1,0.00023474120379569642,0.0007129835872730084,6.362203598022461,6.361761669047814,0.2889
least_squares_d5_I1,3218,6,6,6,6,1,1,1,1,5.304156562360163e-05,9.340726088424844e-05,3.160122871398926,3.160096757351023,0.2883
least_squares_d5_I1,3376,7,7,7,7,1,1,1,1,0.00014465394965991197,0.000440169508429733,5.613255023956299,5.613368177594667,0.2941
least_squares_d5_I1,3575,7,7,7,7,1,1,1,1,0.0001485685969969397,0.00026716518230784914,12.371787071228027,12.371781965370399,0.3016
least_squares_d5_I1,3628,2,2,2,2,1,1,1,1,0.0003555041771282186,0.0006769663135435255,19.673324584960938,19.674065500145304,0.2897
least_squares_d5_I1,3644,8,8,8,8,1,1,1,1,5.0281983964023394e-05,0.00011778315484711754,10.666022300720215,10.666134387619206,0.289
least_squares_d5_I1,3656,7,7,7,7,1,1,1,1,9.155304816330646e-05,0.00019789841012141096,4.489858150482178,4.489947378790797,0.2863
least_squares_d5_I1,3679,1,1,1,1,1,1,1,1,0.00011635484689631603,0.00016979706843578413,2.6016130447387695,2.6016310415073463,0.2956
least_squares_d5_I1,3771,8,8,8,8,1,1,1,1,9.81326157098561e-05,0.0002035677517859824,8.691349029541016,8.691442176682386,0.286
least_squares_d5_I1,3999,9,9,9,9,1,1,1,1,0.00020991742461564655,0.00039956140791730377,12.043794631958008,12.04394781145291,0.2979
least_squares_d5_I1,4007,7,7,7,7,1,1,1,1,2.4289273400898703e-05,8.582926552946901e-05,3.527146100997925,3.52720436940632,0.2942
least_squares_d5_I1,4089,7,7,7,7,1,1,1,1,0.00033796306217637737,0.0007325701392595363,9.974891662597656,9.974647105060837,0.294
least_squares_d5_I1,4162,3,3,3,3,1,1,1,1,0.00029163279988851377,0.0005086912974032742,16.775474548339844,16.776067227576426,0.2966
least_squares_d5_I1,4179,1,1,1,1,1,1,1,1,5.5723065214130504e-05,0.00012549181195353754,7.614558219909668,7.614626025579636,0.2954
least_squares_d5_I1,4259,9,9,9,9,1,1,1,1,4.5733864029751105e-05,8.306176935413134e-05,3.04201078414917,3.042031896412082,0.2839
least_squares_d5_I1,4286,0,0,0,0,1,1,1,1,0.001715168951480428,0.003092405122565367,5.858494758605957,5.8562421968958205,0.284
least_squares_d5_I1,4403,0,0,0,0,1,1,1,1,0.0009949525276860328,0.0020495089680198086,5.694467544555664,5.694580448228034,0.2794
least_squares_d5_I1,4447,0,0,0,0,1,1,1,1,0.00013402072126371677,0.000416795220619548,12.316100120544434,12.316289049098431,0.2998
least_squares_d5_I1,4727,3,3,3,3,1,1,1,1,0.00013033253978389503,0.00031733321621985056,8.94228744506836,8.942385288812787,0.2946
least_squares_d5_I1,4768,4,4,4,4,1,1,1,1,0.0004142164430873896,0.0011403131932326005,0.9421291351318359,0.9419005190287066,0.2883
least_squares_d5_I1,4779,6,6,6,6,1,1,1,1,0.00023872828999733643,0.0004429748006558043,15.023148536682129,15.023420433594715,0.2876
least_squares_d5_I1,4842,4,4,4,4,1,1,1,1,0.0020976529139492607,0.003479797275236507,7.793524742126465,7.792372259880903,0.2807
least_squares_d5_I1,5145,6,6,6,6,1,1,1,1,8.159765591931878e-05,0.00023134129794755154,8.629352569580078,8.629443212821982,0.2904
least_squares_d5_I1,5284,4,4,4,4,1,1,1,1,0.00048821602763953614,0.0015214605372619872,5.729214668273926,5.729427986310352,0.2918
least_squares_d5_I1,5393,4,4,4,4,1,1,1,1,0.00023513344400858394,0.0005197645464036782,12.1632661819458,12.163485804541674,0.2899
least_squares_d5_I1,5457,1,1,1,1,1,1,1,1,4.330393393021381e-05,0.0001223715385201274,1.3416929244995117,1.3417183648193611,0.2945
least_squares_d5_I1,5483,0,0,0,0,1,1,1,1,0.00017429122852377909,0.0005323700145822841,8.77114486694336,8.770573842079767,0.294
least_squares_d5_I1,5543,8,8,8,8,1,1,1,1,0.0002543243455124022,0.00047346588709373805,9.619039535522461,9.61935892288849,0.2917
least_squares_d5_I1,5580,9,9,9,9,1,1,1,1,0.00016771158833481792,0.00030504064276293263,7.7771897315979,7.777141424152001,0.2861
least_squares_d5_I1,5715,6,6,6,6,1,1,1,1,0.00012055402939212812,0.00036380645472799955,10.93617057800293,10.93633686617791,0.2922
least_squares_d5_I1,5781,9,9,9,9,1,1,1,1,6.415285264474991e-05,0.00015162118931044688,9.98733901977539,9.987435145069213,0.2888
least_squares_d5_I1,5830,0,0,0,0,1,1,1,1,0.0010492339811443707,0.002040499143287633,10.106287002563477,10.105533979164589,0.2905
least_squares_d5_I1,6134,6,6,6,6,1,1,1,1,0.0003030972867963166,0.0006648509768396593,11.912992477416992,11.913547268806742,0.2991
least_squares_d5_I1,6291,5,5,5,5,1,1,1,1,0.00023071282835381845,0.0006085366568893136,15.233949661254883,15.234755446950077,0.2904
least_squares_d5_I1,6336,8,8,8,8,1,1,1,1,9.391557824011132e-05,0.000150630043062705,4.480429172515869,4.480505168449,0.2987
least_squares_d5_I1,6429,0,0,0,0,1,1,1,1,0.0035340145164280967,0.008146101037127096,12.156596183776855,12.153627959428324,0.2906
least_squares_d5_I1,6472,1,1,1,1,1,1,1,1,0.00014874570785632367,0.0003064475412770662,7.170300483703613,7.17055518015282,0.2963
least_squares_d5_I1,6581,2,2,2,2,1,1,1,1,0.00016554000260886602,0.0005557173179404629,9.126922607421875,9.127609333000413,0.2967
least_squares_d5_I1,6637,4,4,4,4,1,1,1,1,4.4117287235423405e-05,0.00011354312493949692,7.8313469886779785,7.831423375404488,0.2914
least_squares_d5_I1,6800,2,2,2,2,1,1,1,1,0.00019758644953482563,0.00042437945862427995,14.456794738769531,14.457371380705258,0.2913
least_squares_d5_I1,6824,6,6,6,6,1,1,1,1,0.00016157938296371688,0.0003940898895038458,14.533671379089355,14.533846635867128,0.2841
least_squares_d5_I1,6880,5,5,5,5,1,1,1,1,0.0008873095087362757,0.0023520548480604475,13.247515678405762,13.244387917874745,0.2934
least_squares_d5_I1,6944,7,7,7,7,1,1,1,1,0.0001928614935371442,0.00039695325136790416,7.802849292755127,7.802736411580277,0.2859
least_squares_d5_I1,6973,3,3,3,3,1,1,1,1,0.00019864331270635915,0.0006050923068361413,15.677854537963867,15.678339375281201,0.2952
least_squares_d5_I1,7192,2,2,2,2,1,1,1,1,0.0006124351518798754,0.0013345025298496793,13.269148826599121,13.26954780862059,0.2976
least_squares_d5_I1,7222,3,3,3,3,1,1,1,1,0.004466121990016036,0.0095041836128118,19.13684844970703,19.13514926101127,0.2896
least_squares_d5_I1,7497,2,2,2,2,1,1,1,1,0.0002754366143202347,0.0006801407910757007,6.940500259399414,6.940770398500549,0.2951
least_squares_d5_I1,7636,1,1,1,1,1,1,1,1,5.155826262598917e-05,0.00014768065820192078,7.2036848068237305,7.203782594228122,0.2905
least_squares_d5_I1,7655,0,0,0,0,1,1,1,1,0.0002708170845133084,0.0006335024371200149,14.412069320678711,14.412302797025529,0.2991
least_squares_d5_I1,7961,8,8,8,8,1,1,1,1,4.4819180357344794e-05,0.00010876598013087602,11.949721336364746,11.949771650971924,0.2833
least_squares_d5_I1,8021,0,0,0,0,1,1,1,1,0.0003493246125265026,0.0008601281862183896,9.579486846923828,9.579710378278968,0.2892
least_squares_d5_I1,8122,5,5,5,5,1,1,1,1,6.218244464468725e-05,0.00014336805287484822,13.415700912475586,13.415878725369026,0.2903
least_squares_d5_I1,8159,1,1,1,1,1,1,1,1,0.00013503076512395574,0.000268909283917651,5.023124694824219,5.023090869974512,0.2891
least_squares_d5_I1,8266,8,8,8,8,1,1,1,1,0.0002529756074739709,0.00047859094374302913,17.248003005981445,17.248071203831028,0.2904
least_squares_d5_I1,8383,9,9,9,9,1,1,1,1,0.00012549514819213404,0.00029595685615646516,10.278688430786133,10.278814917753905,0.2843
least_squares_d5_I1,8525,7,7,7,7,1,1,1,1,0.0004197240656083179,0.000875982794473984,11.376814842224121,11.376618615601142,0.2838
least_squares_d5_I1,8612,2,2,2,2,1,1,1,1,0.00017045512070903434,0.00048124616118983,18.997167587280273,18.9971144067332,0.2921
least_squares_d5_I1,8749,7,7,7,7,1,1,1,1,0.0008278299849435955,0.0014072975832488677,15.844614028930664,15.844546964723687,0.2989
least_squares_d5_I1,8939,3,3,3,3,1,1,1,1,0.00018059154655045707,0.0005127759787981745,14.462007522583008,14.462270209514976,0.2884
least_squares_d5_I1,8962,9,9,9,9,1,1,1,1,0.00020704983452400904,0.00042386156629703464,8.864252090454102,8.864260183614602,0.2927
least_squares_d5_I1,9298,5,5,5,5,1,1,1,1,0.00025215146261259314,0.00051514656989049,13.331612586975098,13.33148661862686,0.283
least_squares_d5_I1,9392,6,6,6,6,1,1,1,1,0.0002010652033675786,0.00030341385790322306,11.116013526916504,11.115888355606758,0.2873
least_squares_d5_I1,9512,4,4,4,4,1,1,1,1,0.001349397769972982,0.0033629323999901928,1.9953880310058594,1.9957950210718636,0.2883
least_squares_d5_I1,9516,8,8,8,8,1,1,1,1,9.660052561877297e-05,0.0001679262335549936,17.72991180419922,17.73012253133568,0.2933
least_squares_d5_I1,9536,3,3,3,3,1,1,1,1,0.00010992769255642187,0.000357713999967757,4.989659309387207,4.989724612345216,0.3018
least_squares_d5_I1,9539,9,9,9,9,1,1,1,1,8.978904915704077e-05,0.0001439872341322257,5.623622417449951,5.623704284410556,0.301
least_squares_d5_I1,9603,2,2,2,2,1,1,1,1,0.0008114961345529359,0.0012371549769163437,17.168718338012695,17.169261979562364,0.2968
least_squares_d5_I1,9624,3,3,3,3,1,1,1,1,0.00014710229691980992,0.00027538416802741494,11.339628219604492,11.340042407712176,0.289
least_squares_d5_I1,9626,5,5,5,5,1,1,1,1,6.285422232759075e-05,0.00015158125491687713,6.470322608947754,6.470403746166602,0.2921
least_squares_d5_I1,9792,4,9,9,9,0,0,0,1,4.706686627782286e-05,0.00010939867633652511,1.234816312789917,1.2348194650000899,0.2917
least_squares_d5_I1,9861,4,4,4,4,1,1,1,1,0.0005816870046401412,0.0018198988591819898,9.858293533325195,9.85768927847683,0.2869
chebyshev_d5_I2,112,3,3,3,3,1,1,1,1,8.267948660967139e-05,0.0001564791283392708,11.235302925109863,11.235438775833254,0.3122
chebyshev_d5_I2,120,5,5,5,5,1,1,1,1,0.00046555699860104105,0.0009523833508602308,11.173881530761719,11.174668090449755,0.3477
chebyshev_d5_I2,259,6,6,6,6,1,1,1,1,0.0001343246595988834,0.0002831398353793091,0.5742063522338867,0.5744744717403512,0.3531
chebyshev_d5_I2,411,7,7,7,7,1,1,1,1,5.197873003210951e-05,0.00012018983543526929,6.003533840179443,6.003573904187036,0.3098
chebyshev_d5_I2,481,9,9,9,9,1,1,1,1,9.122850307375918e-05,0.00029080217173316214,10.724509239196777,10.724579701577438,0.3021
chebyshev_d5_I2,586,0,0,0,0,1,1,1,1,0.001157353011732897,0.002195449849819779,5.437925815582275,5.437172813102972,0.3358
chebyshev_d5_I2,589,4,4,4,4,1,1,1,1,5.8329026069769976e-05,0.00010718118951658084,3.822925567626953,3.8230380500635883,0.3279
chebyshev_d5_I2,603,8,8,8,8,1,1,1,1,5.7987668267112104e-05,0.00011117097781365715,7.119894504547119,7.119947949529561,0.3084
chebyshev_d5_I2,618,5,5,5,5,1,1,1,1,0.0005682348086815559,0.0011509813126053814,8.387904167175293,8.388713119942144,0.3067
chebyshev_d5_I2,633,2,2,2,2,1,1,1,1,8.570384161613598e-05,0.00024331961112267209,14.58105754852295,14.581327089247463,0.3094
chebyshev_d5_I2,804,0,0,0,0,1,1,1,1,0.0001929348891446747,0.0004332366117045794,9.763381958007812,9.763770605652166,0.301
chebyshev_d5_I2,876,8,8,8,8,1,1,1,1,0.00031474304959528966,0.0006205673160302183,12.527490615844727,12.526850532913247,0.3233
chebyshev_d5_I2,912,3,3,3,3,1,1,1,1,0.0017865070263929582,0.003390252367839075,15.464101791381836,15.465366217908361,0.3207
chebyshev_d5_I2,928,9,9,9,9,1,1,1,1,7.767465539431917e-05,0.00025936629881684325,7.9737229347229,7.973757456788369,0.3011
chebyshev_d5_I2,949,1,1,1,1,1,1,1,1,6.632096075728788e-05,0.00017204442559304312,6.440027713775635,6.440120816358295,0.3196
chebyshev_d5_I2,1079,6,6,6,6,1,1,1,1,0.00011291021965078584,0.00026983029328109254,10.207340240478516,10.207514924124036,0.3079
chebyshev_d5_I2,1406,5,5,5,5,1,1,1,1,4.747925556986832e-05,0.0001040444087507808,6.559226036071777,6.559328419442069,0.2968
chebyshev_d5_I2,1585,2,2,2,2,1,1,1,1,0.00041818415881470503,0.0008372476085974911,12.547826766967773,12.547813897047128,0.2938
chebyshev_d5_I2,2157,2,2,2,2,1,1,1,1,0.00043653498831799367,0.0007048083022744844,9.910236358642578,9.910382545483484,0.3187
chebyshev_d5_I2,2235,1,1,1,1,1,1,1,1,6.765173794867074e-05,0.00011403740556126252,2.7104408740997314,2.7103921002156124,0.298
chebyshev_d5_I2,2509,4,4,4,4,1,1,1,1,4.267564343484187e-05,9.358241522328115e-05,5.399454116821289,5.399532690686478,0.2931
chebyshev_d5_I2,2539,7,7,7,7,1,1,1,1,8.264109954067567e-05,0.0001686870752592995,2.971001625061035,2.971051991771871,0.2935
chebyshev_d5_I2,2548,9,9,9,9,1,1,1,1,7.70509010539433e-05,0.00013729834437725685,7.232174873352051,7.23224413245299,0.2882
chebyshev_d5_I2,2681,3,3,3,3,1,1,1,1,7.668168057294311e-05,0.00021460670429007678,8.991239547729492,8.991341901381714,0.2912
chebyshev_d5_I2,2949,8,8,8,8,1,1,1,1,4.6516792398151875e-05,0.0001091604616263453,7.168701648712158,7.168771857362353,0.3091
chebyshev_d5_I2,3039,1,1,8,8,1,0,0,1,3.2652716530279234e-05,0.00010306127662929043,0.2290773093700409,0.22907206843954497,0.2993
chebyshev_d5_I2,3053,5,5,5,5,1,1,1,1,0.00045827646703412646,0.001043615427242628,15.62858772277832,15.628234711357104,0.2883
chebyshev_d5_I2,3097,1,1,1,1,1,1,1,1,9.973404947670739e-05,0.0002259350052362663,2.205230712890625,2.2054522006413384,0.2878
chebyshev_d5_I2,3115,5,5,5,5,1,1,1,1,2.717966384057219e-05,7.376124894875602e-05,1.645061731338501,1.64507836511991,0.2936
chebyshev_d5_I2,3181,6,6,6,6,1,1,1,1,0.00017325526472105056,0.0004193849721989551,6.255354881286621,6.25579215693601,0.2932
chebyshev_d5_I2,3218,6,6,6,6,1,1,1,1,0.0001435643752939697,0.0003176862828944138,2.3788018226623535,2.3787763954225607,0.2868
chebyshev_d5_I2,3376,7,7,7,7,1,1,1,1,8.188168982320443e-05,0.00022496176272035484,4.983711242675781,4.983911411192803,0.2971
chebyshev_d5_I2,3575,7,7,7,7,1,1,1,1,0.0002733507793694745,0.0005577061884087797,10.266332626342773,10.267065005703166,0.2966
chebyshev_d5_I2,3628,2,2,2,2,1,1,1,1,0.0006360822816887685,0.001180493491130169,15.553800582885742,15.554243339238507,0.2989
chebyshev_d5_I2,3644,8,8,8,8,1,1,1,1,5.4290273301160766e-05,0.00011248733933122423,10.165994644165039,10.166094108139172,0.2917
chebyshev_d5_I2,3656,7,7,7,7,1,1,1,1,0.00011125052061967677,0.0001851971919926143,2.6354713439941406,2.6354216081507786,0.2905
chebyshev_d5_I2,3679,1,1,1,1,1,1,1,1,0.00017577988167832848,0.000387268484580261,3.48537015914917,3.485834672235594,0.2848
chebyshev_d5_I2,3771,8,8,8,8,1,1,1,1,4.248790385026346e-05,8.571133376733542e-05,8.480609893798828,8.480664160496932,0.2913
chebyshev_d5_I2,3999,9,9,9,9,1,1,1,1,0.00015336837950977734,0.0003962589330619437,11.409262657165527,11.40968153888004,0.2911
chebyshev_d5_I2,4007,7,7,7,7,1,1,1,1,3.3128088549649884e-05,0.00010546941084754735,3.3181333541870117,3.3181872158481944,0.2902
chebyshev_d5_I2,4089,7,7,7,7,1,1,1,1,0.00013389886923486082,0.0002053735623803732,8.253951072692871,8.25405574763338,0.2933
chebyshev_d5_I2,4162,3,3,3,3,1,1,1,1,0.0003628111902955533,0.0010702862975087157,16.968080520629883,16.968321948813305,0.3039
chebyshev_d5_I2,4179,1,1,1,1,1,1,1,1,4.268750379284869e-05,7.392745185086369e-05,5.110798358917236,5.110883863286119,0.2885
chebyshev_d5_I2,4259,9,9,9,9,1,1,1,1,4.8961124638968737e-05,7.0220140033328e-05,3.2330822944641113,3.2330983551604793,0.2978
chebyshev_d5_I2,4286,0,0,0,0,1,1,1,1,0.0050784800932506926,0.010336112067582448,4.027707099914551,4.033163184155473,0.2935
chebyshev_d5_I2,4403,0,0,0,0,1,1,1,1,0.00018858530576408848,0.0006057330866129362,4.912994861602783,4.9130003252041,0.3024
chebyshev_d5_I2,4447,0,0,0,0,1,1,1,1,0.00035020889724264175,0.0006083248887036596,10.960824966430664,10.96102826807098,0.2961
chebyshev_d5_I2,4727,3,3,3,3,1,1,1,1,0.00015789699301300142,0.0004003909707250841,12.926193237304688,12.926360432405996,0.2949
chebyshev_d5_I2,4768,4,4,4,4,1,1,1,1,0.00018874548105349832,0.0005370393709496213,7.258273124694824,7.257980400761738,0.2889
chebyshev_d5_I2,4779,6,6,6,6,1,1,1,1,9.824877500846617e-05,0.00021181064711228714,13.331331253051758,13.331436234212791,0.2848
chebyshev_d5_I2,4842,4,4,4,4,1,1,1,1,0.0010819502633107048,0.0016733714152330492,7.138786792755127,7.138430565614753,0.2932
chebyshev_d5_I2,5145,6,6,6,6,1,1,1,1,9.150452557384891e-05,0.0001944306318124589,8.256172180175781,8.256356233118698,0.2872
chebyshev_d5_I2,5284,4,4,4,4,1,1,1,1,0.00014475967397202804,0.0003078943444521087,8.073882102966309,8.074143476705434,0.2868
chebyshev_d5_I2,5393,4,4,4,4,1,1,1,1,0.00024327191791185255,0.0004900396101952254,12.569019317626953,12.568764712632161,0.2891
chebyshev_d5_I2,5457,1,1,8,8,1,0,0,1,3.9194226416983115e-05,9.570655151946994e-05,1.8666901588439941,1.8667079469254295,0.2915
chebyshev_d5_I2,5483,0,0,0,0,1,1,1,1,0.00017787510446902742,0.0005338651112420933,7.470588684082031,7.4711399998427765,0.298
chebyshev_d5_I2,5543,8,8,8,8,1,1,1,1,0.00033572765258425006,0.0007677246895561041,8.63652515411377,8.637028770455917,0.2983
chebyshev_d5_I2,5580,9,9,9,9,1,1,1,1,0.0001929403540926522,0.00040014695147760904,7.4390034675598145,7.439213135558594,0.2851
chebyshev_d5_I2,5715,6,6,6,6,1,1,1,1,0.0001154749297111235,0.0002051869810921758,8.054593086242676,8.054561170667807,0.2863
chebyshev_d5_I2,5781,9,9,9,9,1,1,1,1,6.68257546891482e-05,0.0001631318564427886,8.933969497680664,8.934046311383263,0.2977
chebyshev_d5_I2,5830,0,0,0,0,1,1,1,1,0.0014927155632747497,0.002391690104601274,10.055679321289062,10.058342352389838,0.2947
chebyshev_d5_I2,6134,6,6,6,6,1,1,1,1,0.00016511668334562302,0.0004171478927901262,10.36178207397461,10.362066423923842,0.2919
chebyshev_d5_I2,6291,5,5,5,5,1,1,1,1,0.0007458443807917048,0.0013508194339078017,12.43785285949707,12.436636503523934,0.2843
chebyshev_d5_I2,6336,8,8,8,8,1,1,1,1,0.00011632748394236891,0.00024685098538235195,4.801417350769043,4.8015974518775195,0.2873
chebyshev_d5_I2,6429,0,0,0,0,1,1,1,1,0.001753430185853011,0.002477368824557402,12.170499801635742,12.170788673060812,0.2893
chebyshev_d5_I2,6472,1,1,1,1,1,1,1,1,0.00011934184988451335,0.0003158005230816663,5.4724507331848145,5.472595660078062,0.3133
chebyshev_d5_I2,6581,2,2,2,2,1,1,1,1,0.00017462642832498653,0.00040185507479506555,9.991218566894531,9.99146835746232,0.3009
chebyshev_d5_I2,6637,4,4,4,4,1,1,1,1,4.8122842183584424e-05,8.755119325121186e-05,5.415428161621094,5.415498664720126,0.3144
chebyshev_d5_I2,6800,2,2,2,2,1,1,1,1,0.0002643890602474053,0.0006444106826251073,15.047341346740723,15.048416398041049,0.3033
chebyshev_d5_I2,6824,6,6,6,6,1,1,1,1,8.643633120174466e-05,0.0001856737501366723,12.711504936218262,12.711685582246789,0.294
chebyshev_d5_I2,6880,5,5,5,5,1,1,1,1,0.0013929324859869529,0.002207895649926739,14.180612564086914,14.180707752908907,0.289
chebyshev_d5_I2,6944,7,7,7,7,1,1,1,1,0.00010146761495484213,0.00018242926747191746,6.766672611236572,6.766643139717247,0.2798
chebyshev_d5_I2,6973,3,3,3,3,1,1,1,1,0.0005205419104111847,0.000953484545343386,15.288036346435547,15.288155039767513,0.2746
chebyshev_d5_I2,7192,2,2,2,2,1,1,1,1,0.00046440337727888804,0.0009928217939378925,12.344676971435547,12.345309992263944,0.2624
chebyshev_d5_I2,7222,3,3,3,3,1,1,1,1,0.0010338894795323128,0.0023256336392094568,19.591217041015625,19.592022650684456,0.2656
chebyshev_d5_I2,7497,2,2,2,2,1,1,1,1,0.00036905832084090513,0.0005320755811482059,7.633622169494629,7.633574371352502,0.262
chebyshev_d5_I2,7636,1,1,1,1,1,1,1,1,4.752902773286216e-05,0.00011704491081943047,3.657484531402588,3.6575559488767926,0.2647
chebyshev_d5_I2,7655,0,0,0,0,1,1,1,1,0.0009173760635686979,0.0017747871518984937,12.609759330749512,12.610234870509405,0.2615
chebyshev_d5_I2,7961,8,8,8,8,1,1,1,1,8.866488840746367e-05,0.0002269556132112882,10.002585411071777,10.002742811427982,0.2648
chebyshev_d5_I2,8021,0,0,0,0,1,1,1,1,0.0003649817065102201,0.0009527026691209528,9.734475135803223,9.73483261972286,0.2655
chebyshev_d5_I2,8122,5,5,5,5,1,1,1,1,4.970827129304745e-05,0.00010928566360490777,10.790545463562012,10.790663594663064,0.2657
chebyshev_d5_I2,8159,1,1,1,1,1,1,1,1,9.647808580028893e-05,0.00019727644163758384,2.8971915245056152,2.8972804764778584,0.28
chebyshev_d5_I2,8266,8,8,8,8,1,1,1,1,0.00016594648587219817,0.0002995351567740556,14.305344581604004,14.305240239985444,0.2598
chebyshev_d5_I2,8383,9,9,9,9,1,1,1,1,0.00024284672236321025,0.0005151946437935706,8.71308708190918,8.713390506229011,0.2675
chebyshev_d5_I2,8525,7,7,7,7,1,1,1,1,7.659558563153369e-05,0.00019991149369857908,5.6819844245910645,5.681970374069649,0.2574
chebyshev_d5_I2,8612,2,2,2,2,1,1,1,1,0.00024341457023511204,0.0005127986052251288,17.097782135009766,17.098571367570806,0.2722
chebyshev_d5_I2,8749,7,7,7,7,1,1,1,1,7.703229199885752e-05,0.0003072015704219666,10.638542175292969,10.638714949521846,0.2595
chebyshev_d5_I2,8939,3,3,3,3,1,1,1,1,0.00022906923276114766,0.0005707610223479875,13.878791809082031,13.878932594528766,0.2742
chebyshev_d5_I2,8962,9,9,9,9,1,1,1,1,5.051082701078569e-05,0.00011050759082742445,9.149598121643066,9.149682362401338,0.2652
chebyshev_d5_I2,9298,5,5,5,5,1,1,1,1,0.0010701811646289417,0.00199403935322362,11.899251937866211,11.8991971540068,0.2651
chebyshev_d5_I2,9392,6,6,6,6,1,1,1,1,0.000225404520959413,0.00035828880849173017,6.677980422973633,6.677568768132739,0.2709
chebyshev_d5_I2,9512,4,4,4,4,1,1,1,1,0.00040619516621884786,0.0010222995860118544,2.3182859420776367,2.3183708884353855,0.2658
chebyshev_d5_I2,9516,8,8,8,8,1,1,1,1,7.993299377208052e-05,0.00020766992928855643,16.161462783813477,16.161573145900153,0.2561
chebyshev_d5_I2,9536,3,3,3,3,1,1,1,1,7.363891587102156e-05,0.00019312061375842404,8.426765441894531,8.426818691092347,0.27
chebyshev_d5_I2,9539,9,9,9,9,1,1,1,1,7.885383786006006e-05,0.00017560077596101564,3.9371490478515625,3.9371883959317904,0.2616
chebyshev_d5_I2,9603,2,2,2,2,1,1,1,1,0.0003417237764146774,0.0007285164886692286,17.025550842285156,17.02628906225879,0.2578
chebyshev_d5_I2,9624,3,3,3,3,1,1,1,1,0.0005064731091507846,0.0012126885721152059,9.023624420166016,9.024481467811807,0.2634
chebyshev_d5_I2,9626,5,5,5,5,1,1,1,1,5.513140511540504e-05,0.00011088743632114983,6.0186614990234375,6.018733790523235,0.2673
chebyshev_d5_I2,9792,4,9,9,9,0,0,0,1,3.71290373490929e-05,7.709040138426104e-05,0.8938349485397339,0.8938154940251359,0.268
chebyshev_d5_I2,9861,4,4,4,4,1,1,1,1,0.00019653876335876675,0.0003668264148153355,13.523592948913574,13.523808841768657,0.2825
least_squares_d5_I2,112,3,3,3,3,1,1,1,1,7.414625957022914e-05,0.00018368495619114356,11.793723106384277,11.79382575196203,0.2821
least_squares_d5_I2,120,5,5,5,5,1,1,1,1,0.00042697716587991597,0.0008121889149208528,11.36392593383789,11.3648651429908,0.295
least_squares_d5_I2,259,6,6,6,6,1,1,1,1,0.0003874923839836786,0.0009765200712648081,0.7023220062255859,0.7022949778343435,0.2877
least_squares_d5_I2,411,7,7,7,7,1,1,1,1,5.3551681061651814e-05,0.0001703053952688549,5.9900803565979,5.99014232662035,0.2673
least_squares_d5_I2,481,9,9,9,9,1,1,1,1,6.163058140738475e-05,0.00010951965252736784,10.878166198730469,10.878251407153753,0.2691
least_squares_d5_I2,586,0,0,0,0,1,1,1,1,0.0005553655621466369,0.0011317267487498395,6.2727508544921875,6.272371038143842,0.2724
least_squares_d5_I2,589,4,4,4,4,1,1,1,1,5.4235932252399977e-05,9.017726729254605e-05,4.364814758300781,4.364810732616927,0.2743
least_squares_d5_I2,603,8,8,8,8,1,1,1,1,5.3243767434985045e-05,0.00016564427691889705,7.292355537414551,7.292402123360235,0.2659
least_squares_d5_I2,618,5,5,5,5,1,1,1,1,0.0006099219986333892,0.0012319390768364968,8.625998497009277,8.627898452319382,0.2625
least_squares_d5_I2,633,2,2,2,2,1,1,1,1,0.00017969925346555948,0.0002946419375611242,15.059293746948242,15.059343040049923,0.2693
least_squares_d5_I2,804,0,0,0,0,1,1,1,1,0.00044236428044808207,0.0009238246846692277,10.165495872497559,10.16501666750494,0.2763
least_squares_d5_I2,876,8,8,8,8,1,1,1,1,0.0009585483837195929,0.002420205098513928,12.591585159301758,12.590125639133301,0.2724
least_squares_d5_I2,912,3,3,3,3,1,1,1,1,0.0007907057071959045,0.0017493716289891381,15.797191619873047,15.794855445728327,0.2633
least_squares_d5_I2,928,9,9,9,9,1,1,1,1,0.00014245088133856275,0.0003682053733395918,8.087379455566406,8.087444597581769,0.2553
least_squares_d5_I2,949,1,1,1,1,1,1,1,1,3.8407039994811655e-05,9.914208691341742e-05,7.076173782348633,7.076212198640235,0.2725
least_squares_d5_I2,1079,6,6,6,6,1,1,1,1,0.0002211229318261676,0.0005038960193193276,10.480768203735352,10.481031944119247,0.2627
least_squares_d5_I2,1406,5,5,5,5,1,1,1,1,9.855358286194605e-05,0.00018004708725705143,7.199384689331055,7.199517354210104,0.2637
least_squares_d5_I2,1585,2,2,2,2,1,1,1,1,0.00020203738418195227,0.0004271756859814957,12.576383590698242,12.57719277363655,0.2698
least_squares_d5_I2,2157,2,2,2,2,1,1,1,1,0.00027721488942171745,0.0006891544864116028,10.065786361694336,10.065787637478358,0.2749
least_squares_d5_I2,2235,1,1,1,1,1,1,1,1,6.0960848597324536e-05,0.00016530697369887548,3.0910122394561768,3.0909692711794197,0.2753
least_squares_d5_I2,2509,4,4,4,4,1,1,1,1,3.653902328440983e-05,0.00011930325922637763,5.971261978149414,5.9713376886285765,0.2624
least_squares_d5_I2,2539,7,7,7,7,1,1,1,1,7.995119179833865e-05,0.00017651320988321118,3.2143616676330566,3.214420816785676,0.2694
least_squares_d5_I2,2548,9,9,9,9,1,1,1,1,6.883833483459779e-05,0.0001655292240556605,7.279630184173584,7.279698358596155,0.2661
least_squares_d5_I2,2681,3,3,3,3,1,1,1,1,6.285657769271591e-05,0.00013828150557770869,9.740525245666504,9.740612880987154,0.2691
least_squares_d5_I2,2949,8,8,8,8,1,1,1,1,3.998301364884216e-05,9.506394581393351e-05,7.296574592590332,7.296649313986723,0.2625
least_squares_d5_I2,3039,1,1,1,1,1,1,1,1,2.7699864722041666e-05,9.069378518056226e-05,0.11902183294296265,0.11904843859924497,0.2693
least_squares_d5_I2,3053,5,5,5,5,1,1,1,1,0.0015423153387637528,0.0034538431089998767,16.130836486816406,16.134567918960105,0.2688
least_squares_d5_I2,3097,1,1,1,1,1,1,1,1,6.919704417387428e-05,0.0001276578575728493,2.558058261871338,2.5581307001857567,0.267
least_squares_d5_I2,3115,5,5,5,5,1,1,1,1,2.4288785761181207e-05,6.76917649684583e-05,1.5587189197540283,1.5587390166049697,0.2759
least_squares_d5_I2,3181,6,6,6,6,1,1,1,1,0.0003103191077487688,0.000704941676474391,6.371959686279297,6.37161416395648,0.2719
least_squares_d5_I2,3218,6,6,6,6,1,1,1,1,0.0003089620656545833,0.0006034864433281939,2.776308536529541,2.7761185226770984,0.2666
least_squares_d5_I2,3376,7,7,7,7,1,1,1,1,8.340593566019683e-05,0.00019180214620817537,4.957908630371094,4.9577399891144,0.2643
least_squares_d5_I2,3575,7,7,7,7,1,1,1,1,0.0003590305191677634,0.0008353635572913021,11.07290267944336,11.073323962550523,0.2644
least_squares_d5_I2,3628,2,2,2,2,1,1,1,1,0.00021301208913382386,0.00037587450618326024,15.975089073181152,15.975739508042805,0.2796
least_squares_d5_I2,3644,8,8,8,8,1,1,1,1,4.833757156808005e-05,0.00010279603299423457,10.278677940368652,10.278769553549381,0.2614
least_squares_d5_I2,3656,7,7,7,7,1,1,1,1,0.00010726410004634479,0.00020441886355726524,2.974658966064453,2.9749016811374185,0.2622
least_squares_d5_I2,3679,1,1,1,1,1,1,1,1,5.2520954297538905e-05,0.0001033414981606029,3.7184205055236816,3.718446530383468,0.2607
least_squares_d5_I2,3771,8,8,8,8,1,1,1,1,4.991416442017283e-05,9.305763702371905e-05,8.57774829864502,8.577797038980572,0.2698
least_squares_d5_I2,3999,9,9,9,9,1,1,1,1,8.334810766459088e-05,0.00018768659551327005,11.41923713684082,11.419367414523201,0.2604
least_squares_d5_I2,4007,7,7,7,7,1,1,1,1,2.746258530972323e-05,9.057796467004664e-05,3.383258819580078,3.383276786319242,0.2698
least_squares_d5_I2,4089,7,7,7,7,1,1,1,1,9.496871669445323e-05,0.0002757576026581887,8.207479476928711,8.207657034862144,0.2785
least_squares_d5_I2,4162,3,3,3,3,1,1,1,1,0.000899886699965724,0.0022144287025156473,17.28109359741211,17.281242427341827,0.2689
least_squares_d5_I2,4179,1,1,1,1,1,1,1,1,4.256402180321528e-05,0.00010198231864144702,5.4959235191345215,5.495989763782147,0.261
least_squares_d5_I2,4259,9,9,9,9,1,1,1,1,3.852269690576282e-05,8.38279227419747e-05,3.1176371574401855,3.117651807395055,0.2651
least_squares_d5_I2,4286,0,0,0,0,1,1,1,1,0.001051673191673319,0.002755117623335579,4.445206642150879,4.445207616037947,0.2648
least_squares_d5_I2,4403,0,0,0,0,1,1,1,1,0.000433809224628634,0.0008393662300170135,5.3013200759887695,5.300284069527158,0.2671
least_squares_d5_I2,4447,0,0,0,0,1,1,1,1,0.0007560030403128831,0.0020295656460636025,11.022377014160156,11.023040746294598,0.2737
least_squares_d5_I2,4727,3,3,3,3,1,1,1,1,0.00016515967567639622,0.000567494389208445,13.14830207824707,13.147757162804602,0.2605
least_squares_d5_I2,4768,4,4,4,4,1,1,1,1,0.0007301403862403965,0.0018950147116463256,7.525600910186768,7.525556559906432,0.2608
least_squares_d5_I2,4779,6,6,6,6,1,1,1,1,0.0002448322030176364,0.0006306155440390926,13.549549102783203,13.549511947794263,0.2624
least_squares_d5_I2,4842,4,4,4,4,1,1,1,1,0.0019408096980712108,0.0024464995085367036,7.513906955718994,7.5142114545995025,0.2641
least_squares_d5_I2,5145,6,6,6,6,1,1,1,1,0.0001564149513639479,0.00032821521178760804,8.492670059204102,8.492852495783945,0.2677
least_squares_d5_I2,5284,4,4,4,4,1,1,1,1,0.00013175186728657805,0.00024729007211732323,8.44714069366455,8.446984544258159,0.2714
least_squares_d5_I2,5393,4,4,4,4,1,1,1,1,0.00024696357262404546,0.0004979019747741731,13.115873336791992,13.115737150817584,0.2613
least_squares_d5_I2,5457,1,1,8,8,1,0,0,1,4.06980774970922e-05,9.503330420912448e-05,1.6206011772155762,1.6206287015682355,0.2758
least_squares_d5_I2,5483,0,0,0,0,1,1,1,1,0.00015691431299980074,0.0003113514787411731,7.839128017425537,7.839171642048536,0.277
least_squares_d5_I2,5543,8,8,8,8,1,1,1,1,0.0001022954211442495,0.00023732990390001873,8.581232070922852,8.581297060044756,0.2688
least_squares_d5_I2,5580,9,9,9,9,1,1,1,1,0.0002637275724563626,0.0008493307416479468,7.435023784637451,7.435056257292114,0.2703
least_squares_d5_I2,5715,6,6,6,6,1,1,1,1,0.0003621992155712128,0.0006093721284408105,8.493228912353516,8.493143911548806,0.2665
least_squares_d5_I2,5781,9,9,9,9,1,1,1,1,0.00011612446343348682,0.00036079779900966,9.11893367767334,9.119033712542075,0.2699
least_squares_d5_I2,5830,0,0,0,0,1,1,1,1,0.002366297931049463,0.004820584395385907,10.4218111038208,10.420611657130074,0.2668
least_squares_d5_I2,6134,6,6,6,6,1,1,1,1,0.0008391363514390848,0.0019940981879873476,10.62482738494873,10.624269349097236,0.2635
least_squares_d5_I2,6291,5,5,5,5,1,1,1,1,0.00023160204342577152,0.0006122714009855201,12.648377418518066,12.648985565778819,0.2661
least_squares_d5_I2,6336,8,8,8,8,1,1,1,1,0.0002533058094351278,0.00041249515620123134,4.707737445831299,4.7076098458355125,0.2743
least_squares_d5_I2,6429,0,0,0,0,1,1,1,1,0.0043765602807942505,0.010705966506110443,12.39593505859375,12.392130090517778,0.2713
least_squares_d5_I2,6472,1,1,1,1,1,1,1,1,9.673991998537801e-05,0.0001947781978852703,5.854725360870361,5.854534394208219,0.2668
least_squares_d5_I2,6581,2,2,2,2,1,1,1,1,0.0007184342269575559,0.001667555917761021,10.135913848876953,10.133562974206983,0.28
least_squares_d5_I2,6637,4,4,4,4,1,1,1,1,3.5861155878813554e-05,7.529155453589453e-05,5.833629608154297,5.833685284883086,0.2657
least_squares_d5_I2,6800,2,2,2,2,1,1,1,1,0.0005085660834819761,0.001647638028012599,15.397244453430176,15.399725716179985,0.2692
least_squares_d5_I2,6824,6,6,6,6,1,1,1,1,0.0003289906240828394,0.0008903232769696956,13.16440200805664,13.164768267954328,0.2729
least_squares_d5_I2,6880,5,5,5,5,1,1,1,1,0.003391173579841822,0.008074355239688913,14.409947395324707,14.418991171815112,0.2738
least_squares_d5_I2,6944,7,7,7,7,1,1,1,1,7.550793418715784e-05,0.00020726974297247125,7.135228157043457,7.135384589973184,0.2644
least_squares_d5_I2,6973,3,3,3,3,1,1,1,1,0.0002545549569431066,0.0004931016827098844,15.772757530212402,15.772698063693678,0.2686
least_squares_d5_I2,7192,2,2,2,2,1,1,1,1,0.0003555518276337821,0.0007354615350223526,12.7074556350708,12.707156453833301,0.2705
least_squares_d5_I2,7222,3,3,3,3,1,1,1,1,0.0007927803369479625,0.0015481875022089753,19.89097785949707,19.890073790177993,0.2646
least_squares_d5_I2,7497,2,2,2,2,1,1,1,1,0.0002967152367317205,0.0006848063774853586,7.7039079666137695,7.7049159013203905,0.268
least_squares_d5_I2,7636,1,1,1,1,1,1,1,1,5.200838314278755e-05,0.0001416685701585152,4.0710859298706055,4.071192195123863,0.2576
least_squares_d5_I2,7655,0,0,0,0,1,1,1,1,0.00146838773030957,0.0026146068060253214,13.05173110961914,13.05129474977996,0.2748
least_squares_d5_I2,7961,8,8,8,8,1,1,1,1,0.0001506267802764305,0.0002849692924264957,10.049114227294922,10.049279234996039,0.2738
least_squares_d5_I2,8021,0,0,0,0,1,1,1,1,0.0001423083475426412,0.00026706421026412297,9.698206901550293,9.69800983946351,0.2681
least_squares_d5_I2,8122,5,5,5,5,1,1,1,1,5.009688611202767e-05,0.00013729574171428283,11.301294326782227,11.301384535360018,0.2709
least_squares_d5_I2,8159,1,1,1,1,1,1,1,1,0.0001186381735657771,0.0002336988841173948,3.250091552734375,3.250290032137328,0.2737
least_squares_d5_I2,8266,8,8,8,8,1,1,1,1,0.0003490722409709851,0.0006883687333640864,14.483298301696777,14.48292700367957,0.2692
least_squares_d5_I2,8383,9,9,9,9,1,1,1,1,0.00024884994131999514,0.0004387068924662785,8.932823181152344,8.93292478911901,0.27
least_squares_d5_I2,8525,7,7,7,7,1,1,1,1,0.0001211830821809201,0.0002907226928385853,5.9484148025512695,5.948444889135281,0.2578
least_squares_d5_I2,8612,2,2,2,2,1,1,1,1,0.00016011168551701704,0.00034013512996722284,17.50341033935547,17.503764693677287,0.2582
least_squares_d5_I2,8749,7,7,7,7,1,1,1,1,6.726507202037824e-05,0.00017690418522242624,10.98353385925293,10.983508143388534,0.2717
least_squares_d5_I2,8939,3,3,3,3,1,1,1,1,0.00034775020579622953,0.0005964611646316342,14.28464412689209,14.284349064579624,0.2711
least_squares_d5_I2,8962,9,9,9,9,1,1,1,1,0.00010220973553298762,0.00022133272663893422,9.142884254455566,9.142964176859124,0.2733
least_squares_d5_I2,9298,5,5,5,5,1,1,1,1,0.0008447022917398517,0.0015963913759673432,12.098762512207031,12.099195286892995,0.2735
least_squares_d5_I2,9392,6,6,6,6,1,1,1,1,0.00036570819268572086,0.000729377647624041,7.258615970611572,7.258111705044486,0.2697
least_squares_d5_I2,9512,4,4,4,4,1,1,1,1,0.00047650704443436,0.0011009501782268671,2.8125362396240234,2.8126360862192623,0.2663
least_squares_d5_I2,9516,8,8,8,8,1,1,1,1,0.00011163100960707717,0.0002549432354275183,16.373676300048828,16.373891986904372,0.273
least_squares_d5_I2,9536,3,3,3,3,1,1,1,1,0.00025027204711629557,0.00045660219182597217,8.786651611328125,8.78651411261421,0.2667
least_squares_d5_I2,9539,9,9,9,9,1,1,1,1,6.015490745787666e-05,0.0001229866754144382,4.25640344619751,4.256502693865674,0.275
least_squares_d5_I2,9603,2,2,2,2,1,1,1,1,0.0007207158817069209,0.0014593718350579543,17.494770050048828,17.492489244238886,0.2625
least_squares_d5_I2,9624,3,3,3,3,1,1,1,1,0.0004789964007029746,0.0012280219530040881,9.847787857055664,9.847241166643416,0.2659
least_squares_d5_I2,9626,5,5,5,5,1,1,1,1,5.1006990524782306e-05,0.0001008638076633872,6.006784439086914,6.006842306273041,0.2716
least_squares_d5_I2,9792,4,9,9,9,0,0,0,1,3.711574878067225e-05,8.610002465925248e-05,0.6761423349380493,0.6761452844932521,0.2894
least_squares_d5_I2,9861,4,4,4,4,1,1,1,1,0.00017611164525721534,0.00038498473676540357,13.84429931640625,13.844316769135055,0.289
