configuration_id,activation,method,degree,effective_degree,interval_name,lower_bound,upper_bound,mae_uniform,rmse_uniform,max_error_uniform,x_at_max_error_uniform,mae_empirical,rmse_empirical,median_abs_error_empirical,p95_abs_error_empirical,p99_abs_error_empirical,max_error_empirical,fraction_outside_interval,mae_inside_interval,mae_outside_interval,outside_error_contribution,mae_origin_uniform,rmse_origin_uniform,max_error_origin_uniform,origin_empirical_sample_count,origin_empirical_fraction,mae_origin_empirical,rmse_origin_empirical,max_error_origin_empirical,bias_ratio,bias_ratio_denominator_clamped,max_abs_output_uniform,max_abs_output_empirical,valid,invalid_reason,practically_viable,practical_viability_reason
act1_chebyshev_d3_I1,act1,chebyshev,3,3,I1,-6.6096,7.235,0.21737111954828264,0.26421977296017574,0.7290393324852943,0.00047304730473030077,0.4161736649344692,0.4685614749266465,0.4560789014671209,0.6808883730671871,0.7120308274889194,2.158622740267732,0.00978,0.4150244908284838,0.5325269556531635,0.01251427965079917,0.6093655476277051,0.6131438350084542,0.7292668744951947,43482,0.43482,0.6248417250690079,0.626902461718499,0.7292275080677361,0.5223086847230228,False,7.420498285201027,10.459381579820777,True,,True,
act1_chebyshev_d3_I2,act1,chebyshev,3,3,I2,-8.4503,8.7557,0.27271013288006424,0.3308119614560759,0.9115974531635688,0.0004116711671162676,0.5588662879274302,0.6170012132703653,0.6409877229213782,0.8609486713551618,0.8944042881413651,0.9117616856624399,0.00083,0.5589903316682736,0.40954004149545425,0.0006082281965903194,0.7908587557651482,0.7938349924597897,0.9118001845520161,43482,0.43482,0.8082170621559885,0.8098244460375033,0.9117616856624399,0.48797026904488494,False,9.006270362474853,9.923414118679531,True,,True,
act1_chebyshev_d5_I1,act1,chebyshev,5,5,I1,-6.6096,7.235,0.10133019565738043,0.12872898569675728,0.4356004614211155,0.00047304730473030077,0.2046989394513584,0.25305143362569477,0.1799268228691,0.39242110872706576,0.42037209883058674,4.900839153868766,0.00978,0.2012359079112533,0.5553291124209812,0.026532226957471688,0.3200792899821182,0.326484224881212,0.4358290641468472,43482,0.43482,0.3344945032351793,0.33794749237221083,0.43578986989377894,0.4950206187143389,False,7.170667497274698,8.176548611105085,True,,True,
act1_chebyshev_d5_I2,act1,chebyshev,5,5,I2,-8.4503,8.7557,0.1281974776426358,0.16198694979026945,0.546532981851478,0.0004116711671162676,0.27493030937301144,0.3219870105756888,0.2889786638470262,0.4963684303972126,0.5294135958572331,0.7887265060534785,0.00083,0.2749318121249762,0.2731212675891578,0.0008245385989488654,0.4290893448945214,0.4341102739522163,0.5467360254685061,43482,0.43482,0.44546222870198776,0.4481459815665197,0.5466975855760701,0.46629081360652747,False,8.66142636569298,9.075883500727135,True,,True,
act1_chebyshev_d7_I1,act1,chebyshev,7,7,I1,-6.6096,7.235,0.059588279992170874,0.07912218771218012,0.30989481466042196,0.00047304730473030077,0.13336442464991372,0.26069733584346977,0.0947169943289593,0.26942578860808264,0.29890988158321374,16.089157804786097,0.00978,0.12522158385448934,0.957822892180088,0.07023993025209907,0.19838534281104578,0.2075236847810406,0.3101240283061875,43482,0.43482,0.21166445798503686,0.21654613834773484,0.3100849340392722,0.4468079110946731,False,7.264142030256052,16.089157804786097,True,,True,
act1_chebyshev_d7_I2,act1,chebyshev,7,7,I2,-8.4503,8.7557,0.07608385009640903,0.10005025648090922,0.3900780535293433,0.0004116711671162676,0.1730778850082478,0.2070929796672585,0.1448365515108739,0.3403409799767728,0.3730161783274239,1.1468975677735491,0.00083,0.17298876160149215,0.2803663601022478,0.0013445049832552349,0.2758049088986878,0.28293412063346496,0.39028123622935945,43482,0.43482,0.29117970362104806,0.29495532905737826,0.39024282337857796,0.43959313515290155,False,8.80319442502681,9.801115661071172,True,,True,
act1_chebyshev_d9_I1,act1,chebyshev,9,9,I1,-6.6096,7.235,0.03953112659509195,0.0547109824129008,0.24011470972453994,0.00047304730473030077,0.10890902706596922,0.703856993758682,0.07447466240162015,0.2000510688261618,0.2321187217827312,62.87213552109228,0.00978,0.08768072649805653,2.258263606652731,0.20279143674367522,0.13256210988464828,0.1445088463563456,0.24034442556824198,43482,0.43482,0.14469988309696905,0.15104335446646266,0.24030541384072157,0.3629738292597807,False,7.22015406431429,62.87213552109228,True,,True,
act1_chebyshev_d9_I2,act1,chebyshev,9,9,I2,-8.4503,8.7557,0.050955819663548264,0.06950065095285488,0.3031601113103899,0.0004116711671162676,0.12211510966581218,0.1486299767213978,0.0978036592501963,0.2538324992266904,0.2861505751544875,1.9858099408556404,0.00083,0.12191204094115811,0.3665731549821969,0.0024915485026207533,0.19200720264619645,0.20129889662798156,0.30336337790976725,43482,0.43482,0.20638608147881915,0.21126872806229552,0.30332498191639956,0.4172769430662359,False,8.727876661915532,8.982743692327437,True,,True,
act1_least_squares_d3_I1,act1,least_squares,3,3,I1,-6.6096,7.235,0.20963164410611135,0.24753163796168542,0.6441385729852751,0.00047304730473030077,0.35655794898766796,0.40836526119959243,0.37219176231822787,0.6026163737353811,0.6346200797694129,2.8514924037819425,0.00978,0.35195900165188043,0.8221990155360877,0.02255203227069564,0.5250028940671263,0.5293302781773868,0.6443652031229885,43482,0.43482,0.5400425876557239,0.542402604832585,0.644325690737597,0.5879314840723456,False,7.6021439661351415,10.777805602970963,True,,True,
act1_least_squares_d3_I2,act1,least_squares,3,3,I2,-8.4503,8.7557,0.26338136382664035,0.31002758676047476,0.8061217824662328,0.0004116711671162676,0.4773480249748342,0.5308178187595912,0.5367155292050807,0.7554466743850125,0.7889076901499031,1.1846537824843975,0.00083,0.4771492045245743,0.7166919156811637,0.001246164766360407,0.6858094254257037,0.6892035970009688,0.8063241938713939,43482,0.43482,0.7029221068148491,0.704752794950093,0.8062856362086,0.5517596178187305,False,9.260840115620722,10.231728160926885,True,,True,
act1_least_squares_d5_I1,act1,least_squares,5,5,I1,-6.6096,7.235,0.10024041876224639,0.12302532851504921,0.40092086175543135,0.00047304730473030077,0.18770930291712684,0.2483132721942347,0.14726436847691365,0.3599855220192183,0.3939809932537739,6.780453965863024,0.00978,0.1809834254143572,0.8687009614848755,0.04526091819260017,0.28608381468379557,0.29310972565348714,0.40114891368326033,43482,0.43482,0.3001189919454886,0.3039049763910234,0.4011096314478935,0.534019450311966,False,7.075555564780573,7.7673797089348025,True,,True,
act1_least_squares_d5_I2,act1,least_squares,5,5,I2,-8.4503,8.7557,0.12710783364594044,0.15486944057913687,0.5034344486733101,0.0004116711671162676,0.24766808991388858,0.29022839603577544,0.2476793807314408,0.4532868908325965,0.48630577966292066,1.2600693524161428,0.00083,0.24744823983616046,0.5123278515568206,0.0017169434986154637,0.38653016889497577,0.392019621660758,0.5036372906284841,43482,0.43482,0.40265938471608775,0.40558901493328037,0.5035988138162357,0.5132184517195348,False,8.515426659668764,8.81824332502296,True,,True,
act1_least_squares_d7_I1,act1,least_squares,7,7,I1,-6.6096,7.235,0.05978735500211439,0.07644678943518084,0.291178508747504,0.00047304730473030077,0.1291468027777225,0.33957297772215406,0.0911740727577961,0.25070508729667684,0.28572832526351005,22.816310471976976,0.00978,0.11589209441311082,1.4711792482588861,0.11140913083799409,0.18042142957695348,0.19022522327551097,0.2914073460516006,43482,0.43482,0.19334966615374302,0.1985857208533323,0.2913681918145313,0.4629410385405806,False,7.318785913794642,22.816310471976976,True,,True,
act1_least_squares_d7_I2,act1,least_squares,7,7,I2,-8.4503,8.7557,0.0765814765510214,0.09670416071474344,0.3668041372919696,0.0004116711671162676,0.16000372498671595,0.1919074333804794,0.12363232921664968,0.3171043667908131,0.3497384132799387,1.8632215695073318,0.00083,0.15970140602501845,0.5239411189135867,0.0027178812789163593,0.25312238714396945,0.26075104857309606,0.3670071733539531,43482,0.43482,0.26825509986999485,0.2722893167236485,0.36696873374657263,0.4786230855399114,False,8.897580134268123,10.076690047174317,True,,True,
act1_least_squares_d9_I1,act1,least_squares,9,9,I1,-6.6096,7.235,0.039993983610736875,0.05322019510187479,0.22844633619387758,0.00047304730473030077,0.11478692155492867,1.0218752287263089,0.0692523421412683,0.18840010322479422,0.22415133123589995,90.39439662136,0.00978,0.08222058811633215,3.4121115327581033,0.2907164887630999,0.12168274566904733,0.13432005606971759,0.22867578201526645,43482,0.43482,0.13349004238217968,0.14020369375352065,0.2286367273886929,0.3484193414107605,False,7.187779884131275,90.39439662136,True,,True,
act1_least_squares_d9_I2,act1,least_squares,9,9,I2,-8.4503,8.7557,0.05176777959516713,0.06763126839155177,0.2886368595220168,0.0004116711671162676,0.11492141217037442,0.1413709279612897,0.09668501042193345,0.23935840333502853,0.2716266539775806,3.2556669961084874,0.00083,0.1144600365760246,0.6703342466360499,0.004841373023532597,0.17810342863684075,0.18791535688231595,0.2888400117259597,43482,0.43482,0.19224245735794762,0.1973925158153597,0.28880159493122337,0.450462438787472,False,8.662534223560758,8.755730104911443,True,,True,
act1_taylor_d3_I1,act1,taylor,3,2,I1,-6.6096,7.235,0.968083313545827,1.3073435322323037,3.618800305559941,7.235,0.5682157765553628,0.7771883260953377,0.5068371793935,1.2355289265010772,3.254370663300643,7.420502797558416,0.00978,0.5317055737950762,4.264855140286558,0.07340571133884839,0.5785117951276614,0.5819556555953009,0.6931471805599453,43482,0.43482,0.5947892852489582,0.5966388032489954,0.6931092525634833,1.7037248057675216,False,10.853800305559941,16.530276975050516,True,,True,
act1_taylor_d3_I2,act1,taylor,3,2,I2,-8.4503,8.7557,1.6288530938389811,2.2781207596352546,5.898082491809941,8.7557,0.5682157765553628,0.7771883260953377,0.5068371793935,1.2355289265010772,3.254370663300643,7.420502797558416,0.00083,0.5634541125702758,6.300398672916155,0.00920307234378752,0.5785117951276614,0.5819556555953009,0.6931471805599453,43482,0.43482,0.5947892852489582,0.5966388032489954,0.6931092525634833,2.866610117222392,False,14.65378249180994,16.530276975050516,True,,True,
act1_taylor_d5_I1,act1,taylor,5,4,I1,-6.6096,7.235,1.681790894558101,2.876328367267659,10.652150633505904,7.235,0.7373789077356301,1.878782999890953,0.502614830863487,1.7370395801404193,8.888376888255419,36.88767941874508,0.00978,0.6006652235961256,14.57956953233891,0.1933716689349571,0.5784465607092804,0.5818988247278181,0.6931471805599453,43482,0.43482,0.5947583715958886,0.5966116595361509,0.6931092525634833,2.2807689193641374,False,7.091101073935417,36.88767941874508,True,,True,
act1_taylor_d5_I2,act1,taylor,5,4,I2,-8.4503,8.7557,4.2649106568655855,7.34536662970747,24.711842282026545,8.7557,0.7373789077356301,1.878782999890953,0.502614830863487,1.7370395801404193,8.888376888255419,36.88767941874508,0.00083,0.7148759911710512,27.826823659338437,0.03132211051191544,0.5784465607092804,0.5818988247278181,0.6931471805599453,43482,0.43482,0.5947583715958886,0.5966116595361509,0.6931092525634833,5.783879376157405,False,21.163562111097423,36.88767941874508,True,,True,
act1_taylor_d7_I1,act1,taylor,7,6,I1,-6.6096,7.235,4.222199034013989,8.595337422990326,39.148925224447694,7.235,1.5236897434697771,7.945244820838928,0.5029768840961004,2.997275564456888,30.198845333016678,235.56134360190285,0.00978,0.9012299836987328,64.54742218932698,0.4143059909126043,0.5784473380855816,0.5818994905707162,0.6931471805599453,43482,0.43482,0.5947586813785919,0.5966119226468432,0.6931092525634833,2.7710359357011303,False,46.383925224447694,235.56134360190285,True,,True,
act1_taylor_d7_I2,act1,taylor,7,6,I2,-8.4503,8.7557,16.15772835465504,32.28390662158791,131.72993771859217,8.7557,1.5236897434697771,7.945244820838928,0.5029768840961004,2.997275564456888,30.198845333016678,235.56134360190285,0.00083,1.3942219867754084,157.37947101613537,0.08572936944888174,0.5784473380855816,0.5818994905707162,0.6931471805599453,43482,0.43482,0.5947586813785919,0.5966119226468432,0.6931092525634833,10.604342796099901,False,140.48563771859216,235.56134360190285,True,,True,
act1_taylor_d9_I1,act1,taylor,9,8,I1,-6.6096,7.235,12.587822565096648,29.73991118571397,158.69225717482163,7.235,4.9916187585233,42.5365186217582,0.50331239013772,5.586426152725936,113.03472384690737,1671.5618102463245,0.00978,1.8252911932033749,325.5806659702919,0.6379050699239396,0.5784473266024225,0.5818994808338808,0.6931471805599453,43482,0.43482,0.5947586771597309,0.5966119191261816,0.6931092525634833,2.5217916619939493,False,151.45725717482162,1671.5618102463245,True,,True,
act1_taylor_d9_I2,act1,taylor,9,8,I2,-8.4503,8.7557,72.94056038656616,163.9574583166657,778.4670570934003,8.7557,4.9916187585233,42.5365186217582,0.50331239013772,5.586426152725936,113.03472384690737,1671.5618102463245,0.00083,4.172430111375559,991.1467037833525,0.16480660962648366,0.5784473266024225,0.5818994808338808,0.6931471805599453,43482,0.43482,0.5947586771597309,0.5966119191261816,0.6931092525634833,14.612606433938597,False,769.7113570934002,1671.5618102463245,True,,True,
act2_chebyshev_d3_I1,act2,chebyshev,3,3,I1,-18.4731,9.093,0.252476290182116,0.33971307427833825,1.0643137482600944,0.0007909990999088734,0.41415241391585095,0.5280464624823197,0.3055802368288339,0.9721210963990464,1.0516479251773874,9.381451825304364,0.00943,0.4067848752743275,1.188072111915201,0.027051683483937678,0.9433206170196988,0.9460545059751181,1.0647637304197353,12765,0.12765,0.9411168459410293,0.9437327705378266,1.0647539104903172,0.6096216796008221,False,9.522571281113844,25.99284480015788,True,,True,
act2_chebyshev_d3_I2,act2,chebyshev,3,3,I2,-24.8339,12.2336,0.3396767477147991,0.45711379483556275,1.4323412435906662,0.00010165016501417767,0.6121004658652175,0.7450646343451423,0.5374560219596463,1.332707751207022,1.4117844264174397,4.0835919043115005,0.001,0.6118608728500435,0.851453888023934,0.0013910361705416858,1.3100270488258459,1.3120401121402545,1.4323990785181673,12765,0.12765,1.3078044879700146,1.3097294358217872,1.4323892577012298,0.5549362672590986,False,12.811779289567536,20.694984879165016,True,,True,
act2_chebyshev_d5_I1,act2,chebyshev,5,5,I1,-18.4731,9.093,0.15001509263799234,0.19242933078034888,0.6989769137947766,0.0007909990999088734,0.26178917789686756,0.6941707721590673,0.20660726059099693,0.6081053487173854,0.6892761332609397,49.785244985765786,0.00943,0.23726801344731638,2.8376035860402284,0.10221431623464958,0.5802131948979169,0.5840814460344058,0.6993740017971418,12765,0.12765,0.5778797305252775,0.5816237008729082,0.699365335739138,0.5730377926359168,False,9.030897005299751,49.785244985765786,True,,True,
act2_chebyshev_d5_I2,act2,chebyshev,5,5,I2,-24.8339,12.2336,0.2016573032895853,0.2586736185877619,0.9402710339429742,0.00010165016501417767,0.35586902471063275,0.43125317367371163,0.30991090935370785,0.8387910392609094,0.9198323638857331,4.434393554618301,0.001,0.3552738068804197,0.9504916370934516,0.0026709029757965687,0.8196499850457929,0.8225000970691971,0.9403220764601251,12765,0.12765,0.8172853706227292,0.8200408289654277,0.9403134090116461,0.5666615785219257,False,12.149493656221436,13.186412129235672,True,,True,
act2_chebyshev_d7_I1,act2,chebyshev,7,7,I1,-18.4731,9.093,0.10888196528744239,0.1432987731668635,0.5707605220102925,0.0007909990999088734,0.2461352071138178,2.560490412992217,0.14972754728637214,0.4785480970535445,0.5588307455064141,253.10530060327352,0.00943,0.17609086429568793,7.60391088742717,0.29132313296114704,0.4533916244654995,0.45815866324339916,0.571152042252148,12765,0.12765,0.45106928562548976,0.4556957482769775,0.5711434974669013,0.44236648045678895,False,9.04662173357057,253.10530060327352,True,,True,
act2_chebyshev_d7_I2,act2,chebyshev,7,7,I2,-24.8339,12.2336,0.14636513817981175,0.1926462054172905,0.7678116555463372,0.00010165016501417767,0.2685891137528662,0.3340173255948914,0.22987650152114503,0.6669711555220433,0.7473766608706847,9.463219696657632,0.001,0.26771458228964884,1.1422460455070222,0.004252763745882954,0.6482339315006312,0.6517415359364281,0.7678619682882267,12765,0.12765,0.6458723533417999,0.6492716573674058,0.7678534247423614,0.5449406944857974,False,12.171679221634347,17.514992666488162,True,,True,
act2_chebyshev_d9_I1,act2,chebyshev,9,9,I1,-18.4731,9.093,0.07331066752812458,0.10199695767936354,0.45823903011285466,0.0007909990999088734,0.2848044842979533,5.959404008286602,0.09877573226364295,0.37274034399904626,0.4523720792453806,666.1117498463698,0.00943,0.12283646314744276,17.29866055121855,0.5727661535951568,0.3426429622241681,0.3486766555081454,0.4586482172427806,12765,0.12765,0.3404151537746454,0.34624998665287504,0.4586392866548563,0.25740699873050216,False,9.16103647797826,666.1117498463698,True,,True,
act2_chebyshev_d9_I2,act2,chebyshev,9,9,I2,-24.8339,12.2336,0.09865400775548241,0.13721164001122219,0.616836316203076,0.00010165016501417767,0.1907492772327605,0.2582955064864781,0.16277505373714746,0.5172106990075149,0.5969458220782021,16.906473186782137,0.001,0.1890992228658584,1.8391535897679612,0.009641732941004786,0.4985655665811051,0.5029902589681217,0.6168888943851862,12765,0.12765,0.49628971017284984,0.5005605851592533,0.6168799661290981,0.5171920396589527,False,12.324889001557516,33.51786616163565,True,,True,
act2_least_squares_d3_I1,act2,least_squares,3,3,I1,-18.4731,9.093,0.24272619145652416,0.3168304950643639,0.935128087010728,0.0007909990999088734,0.3634758937474985,0.4889687835702833,0.2507245725512839,0.8492545260221358,0.9291524861927469,11.744255768484862,0.00943,0.3493634996691916,1.845905819744159,0.04789008619173996,0.8145263055610713,0.8176664736728696,0.935578545237062,12765,0.12765,0.8123320853712097,0.8153377599966084,0.935568714856503,0.6677917177779679,False,9.973626472574477,28.355648743338378,True,,True,
act2_least_squares_d3_I2,act2,least_squares,3,3,I2,-24.8339,12.2336,0.3264991667471575,0.42630412794399664,1.2584399683232943,0.00010165016501417767,0.5192172424068938,0.6338538507809898,0.4259505999372122,1.1591853732215698,1.238827556481411,5.529948654798002,0.001,0.5182519930450282,1.483501354910667,0.0028571881550653417,1.1364165631677037,1.1387241996274948,1.2584978657967816,12765,0.12765,1.1342015967635803,1.136408702121744,1.258488034354027,0.6288295920867948,False,13.419081352506476,22.141341629651517,True,,True,
act2_least_squares_d5_I1,act2,least_squares,5,5,I1,-18.4731,9.093,0.1492711856788952,0.1864425316069256,0.6637515548348957,0.0007909990999088734,0.2558918140901394,0.8806635134178414,0.1959187906761129,0.575883425274757,0.6571331240063473,64.70938496138446,0.00943,0.22123508903740075,3.8963915103246403,0.14358791457634681,0.5452608284310766,0.5493488886952793,0.6641514729146535,12765,0.12765,0.5429424347615308,0.5468968356763829,0.6641427450563839,0.5833370880176477,False,8.970541729126444,64.70938496138446,True,,True,
act2_least_squares_d5_I2,act2,least_squares,5,5,I2,-24.8339,12.2336,0.20066675274688928,0.25062245820818496,0.8928332526746123,0.00010165016501417767,0.3325321234661016,0.40580432780972275,0.28695518036790413,0.7918080942849958,0.8728198869648318,6.5757255111278425,0.001,0.3313807044393929,1.4827997311481584,0.004459117259687289,0.7724140786445173,0.775423975160181,0.8928846558550041,12765,0.12765,0.7700630687537562,0.7729711302489211,0.8928759271598948,0.6034507302791313,False,12.067236534522895,12.796768735214428,True,,True,
act2_least_squares_d7_I1,act2,least_squares,7,7,I1,-18.4731,9.093,0.10923481186395716,0.1389113864696383,0.5458759058745041,0.0007909990999088734,0.2533696597453113,3.1111547961630235,0.14151666378271172,0.45836707337126403,0.5385789995082931,302.5118117032199,0.00943,0.1644443533833702,9.59448744584796,0.35709096623997244,0.42876608233831215,0.43377202901007794,0.5462760966252403,12765,0.12765,0.42647764797034843,0.4313245524574191,0.5462673625950816,0.43112822574636855,False,8.919923823555475,302.5118117032199,True,,True,
act2_least_squares_d7_I2,act2,least_squares,7,7,I2,-24.8339,12.2336,0.14685871892494717,0.18675769862664152,0.7344110778283167,0.00010165016501417767,0.2512464479040085,0.3213532172997256,0.22107689474772763,0.6338638783009239,0.7142733273562331,12.890756339593738,0.001,0.2496314299026315,1.86464943127964,0.0074215951980027605,0.6150206736594096,0.6186996570884274,0.7344625011003194,12765,0.12765,0.6126917977825543,0.6162486357227439,0.7344537689755195,0.5845205779030801,False,12.002207704953042,15.535712520490705,True,,True,
act2_least_squares_d9_I1,act2,least_squares,9,9,I1,-18.4731,9.093,0.07191667491682777,0.09851230431330825,0.4330461077588544,0.0007909990999088734,0.28055242298799754,5.30890298833731,0.09327053436402005,0.35021741505167686,0.4295134034867013,546.3509721112209,0.00943,0.11300996873535833,17.879972243670593,0.6009862130651675,0.31791330419499925,0.3243833083715651,0.4334629455504282,12765,0.12765,0.3157197788407665,0.32196818536286426,0.43345384793925607,0.2563395252512379,False,9.336134489897608,546.3509721112209,True,,True,
act2_least_squares_d9_I2,act2,least_squares,9,9,I2,-24.8339,12.2336,0.0968014595670533,0.1325307553123393,0.5830010873960645,0.00010165016501417767,0.1760856125194626,0.26396202964894905,0.14719995393575097,0.4840523979053415,0.5636268323465378,29.603570500771802,0.001,0.1735117382025187,2.747386055146421,0.015602558413696375,0.465069967160355,0.46980638904973426,0.5830546495686649,12765,0.12765,0.46282641645411965,0.4673913216650281,0.5830455542182723,0.5497408799163187,False,12.559988863070648,46.21496347562532,True,,True,
act2_taylor_d3_I1,act2,taylor,3,2,I1,-18.4731,9.093,7.51477521372883,11.936042671160152,34.11352513180999,-18.4731,2.0198686483206365,5.359759496340639,0.49049772331553676,9.320646309066538,25.227119044862008,93.7202993046617,0.00943,1.7713267028741664,28.12784265690066,0.13131822035809324,0.5785117951276614,0.5819556555953009,0.6931471805599453,12765,0.12765,0.5762686013248864,0.5796017541180787,0.693138550147304,3.72042767235225,False,34.11352513180999,93.7202993046617,True,,True,
act2_taylor_d3_I2,act2,taylor,3,2,I2,-24.8339,12.2336,14.80074413897095,23.208260716543812,65.36652083181005,-24.8339,2.0198686483206365,5.359759496340639,0.49049772331553676,9.320646309066538,25.227119044862008,93.7202993046617,0.001,1.9778361526779566,44.01033179535746,0.021788709791574132,0.5785117951276614,0.5819556555953009,0.6931471805599453,12765,0.12765,0.5762686013248864,0.5796017541180787,0.693138550147304,7.327577538904134,False,65.36652083181005,93.7202993046617,True,,True,
act2_taylor_d5_I1,act2,taylor,5,4,I1,-18.4731,9.093,76.25542971971029,154.14464826941784,572.4243089475559,-18.4731,15.583804633046284,96.44389843990746,0.45904481549584525,55.083484443516554,329.2401585922539,3772.9920141941843,0.00943,10.270276998780945,573.740863877396,0.34717942593369366,0.5784465607092804,0.5818988247278181,0.6931471805599453,12765,0.12765,0.5762026884246298,0.5795439910504797,0.693138550147304,4.893248568966696,False,572.4243089475559,3772.9920141941843,True,,True,
act2_taylor_d5_I2,act2,taylor,5,4,I2,-24.8339,12.2336,258.49106539401123,518.7223810589401,1915.6061460529645,-24.8339,15.583804633046284,96.44389843990746,0.45904481549584525,55.083484443516554,329.2401585922539,3772.9920141941843,0.001,14.31575727179212,1282.363118525956,0.08228819269247235,0.5784465607092804,0.5818988247278181,0.6931471805599453,12765,0.12765,0.5762026884246298,0.5795439910504797,0.693138550147304,16.587160291131166,False,1915.6061460529645,3772.9920141941843,True,,True,
act2_taylor_d7_I1,act2,taylor,7,6,I1,-18.4731,9.093,1254.6945610888358,2982.6391413071124,13226.530724671196,-18.4731,304.9823742626467,3606.3170458403215,0.4676716759485364,422.3687710908943,5835.625086369241,218339.0717609421,0.00943,125.80456954295292,19126.632217442624,0.5913920181339947,0.5784473380855816,0.5818994905707162,0.6931471805599453,12765,0.12765,0.5762034656180657,0.5795446603789028,0.693138550147304,4.113990403944818,False,13226.530724671196,218339.0717609421,True,,True,
act2_taylor_d7_I2,act2,taylor,7,6,I2,-24.8339,12.2336,7595.07180862769,17988.162190264622,79531.76667232714,-24.8339,304.9823742626467,3606.3170458403215,0.4676716759485364,422.3687710908943,5835.625086369241,218339.0717609421,0.001,245.3966345139755,59831.13638318523,0.19617899732021712,0.5784473380855816,0.5818994905707162,0.6931471805599453,12765,0.12765,0.5762034656180657,0.5795446603789028,0.693138550147304,24.90331392753509,False,79531.76667232714,218339.0717609421,True,,True,
act2_taylor_d9_I1,act2,taylor,9,8,I1,-18.4731,9.093,25416.051394657494,68038.81154783198,344150.5236120176,-18.4731,9630.35223108991,182119.3833768505,0.46638359339915253,3607.0123199499826,116221.51605424554,14305940.3546194,0.00943,2152.021265035264,795188.1788530146,0.7786448871907228,0.5784473266024225,0.5818994808338808,0.6931471805599453,12765,0.12765,0.5762034542185941,0.5795446506653913,0.693138550147304,2.639161142269149,False,344150.5236120176,14305940.3546194,True,,False,salida máxima 1.43e+07 > umbral operativo 1e+06
act2_taylor_d9_I2,act2,taylor,9,8,I2,-24.8339,12.2336,276829.5360378751,739389.0794574836,3732599.434365571,-24.8339,9630.35223108991,182119.3833768505,0.46638359339915253,3607.0123199499826,116221.51605424554,14305940.3546194,0.001,6340.218519529779,3296473.930079661,0.34230045287830396,0.5784473266024225,0.5818994808338808,0.6931471805599453,12765,0.12765,0.5762034542185941,0.5795446506653913,0.693138550147304,28.745525542064733,False,3732599.434365571,14305940.3546194,True,,False,salida máxima 1.43e+07 > umbral operativo 1e+06
act3_chebyshev_d3_I1,act3,chebyshev,3,3,I1,-15.7802,12.5193,0.41760075290893,0.5146881643868914,1.43388909247079,0.001179337933793434,0.5124464651505697,0.6363370544049349,0.4268066108163947,1.2576783615725418,1.4066259939384118,9.141743253318843,0.00959,0.5048861148369141,1.2932438117770073,0.02420195864029898,1.31211753565292,1.3140441027280385,1.4345322691841986,6365,0.06365,1.3131056894698414,1.3150239131137575,1.434493861158872,0.8149158620622515,False,13.040105749220611,30.64341599806982,True,,True,
act3_chebyshev_d3_I2,act3,chebyshev,3,3,I2,-22.1493,16.3974,0.5409803559376626,0.6746723698534399,1.8959533184853494,-0.00200612061206229,0.7500681557544013,0.9045636911763414,0.6759568629009804,1.7084607600976005,1.859945229165017,4.37964725720893,0.00103,0.7495446798595474,1.2577737039895398,0.0017271855966291955,1.7737949159150106,1.775267063006339,1.8968442424484326,6365,0.06365,1.7748009512686496,1.7762650565623432,1.8968067164617886,0.7212415988965122,False,17.122076945045478,25.881320001959907,True,,True,
act3_chebyshev_d5_I1,act3,chebyshev,5,5,I1,-15.7802,12.5193,0.18519460858265296,0.2436046705761091,0.8418201536122234,0.001179337933793434,0.2507467078803293,0.5536138681967891,0.20525105379916214,0.6707111234835635,0.8169557139063574,79.32458070150973,0.00959,0.23679035569277276,1.6920929821324524,0.06471539281941342,0.7222416909546371,0.7255074526165017,0.8424512529420917,6365,0.06365,0.7231944168185303,0.7264489941961865,0.8424119824997494,0.7385724428774492,False,12.302114191143612,79.32458070150973,True,,True,
act3_chebyshev_d5_I2,act3,chebyshev,5,5,I2,-22.1493,16.3974,0.2329481820451567,0.313835111578,1.103370523533312,-0.00200612061206229,0.34412936702759483,0.4360803837551017,0.2838611517201767,0.91884892707201,1.0679344901850119,15.930070798613881,0.00103,0.34303311871134584,1.4073518723511838,0.004212289235999675,0.9829417067166021,0.9854236554753377,1.1042956814548412,6365,0.06365,0.9839110693930899,0.9863839585448173,1.1042567103727654,0.6769203804291343,False,16.103913705517073,16.552086462953888,True,,True,
act3_chebyshev_d7_I1,act3,chebyshev,7,7,I1,-15.7802,12.5193,0.1052545873609436,0.14673378278927424,0.5921110952263486,0.001179337933793434,0.23823857750538457,6.502891668310902,0.13086779224462575,0.4317548542799525,0.575818438550059,1716.7272176688825,0.00959,0.14491440408748713,9.87631934860234,0.3975590500281415,0.47468136346663,0.4793281685700978,0.5927317092921558,6365,0.06365,0.47560061461255687,0.48023495338175914,0.5926916904399588,0.441803290059372,False,12.634651098470691,1716.7272176688825,True,,True,
act3_chebyshev_d7_I2,act3,chebyshev,7,7,I2,-22.1493,16.3974,0.1358525006463683,0.18901588312549622,0.7772141374440653,-0.00200612061206229,0.21591344865119572,0.6184972576432416,0.18784383641197372,0.595603186432468,0.7420660947766533,157.96674781633374,0.00103,0.21106504534858597,4.918252717785233,0.023462180475392707,0.6584466947882955,0.6619414610813065,0.7781697280228419,6365,0.06365,0.6593821351078147,0.662869836931255,0.778129472063178,0.6291988826774546,False,16.5429080188043,157.96674781633374,True,,True,
act3_chebyshev_d9_I1,act3,chebyshev,9,9,I1,-15.7802,12.5193,0.07038338979412752,0.10065927050181293,0.457037442986478,0.001179337933793434,0.9743335689146433,105.31125020848759,0.08903957819352082,0.3039449370628657,0.4467392413946814,30358.240723169765,0.00959,0.10172204984255215,91.09353842857989,0.8965995439356682,0.3417122704709563,0.34775309665207027,0.45764790956946877,6365,0.06365,0.3425989848139329,0.34862784792564383,0.4576071664552234,0.07223746778275425,False,12.451707529219052,30358.240723169765,True,,True,
act3_chebyshev_d9_I2,act3,chebyshev,9,9,I2,-22.1493,16.3974,0.09450832467534041,0.13208645781763972,0.6067736637901081,0.001848934893487808,0.17729288558377593,4.089380954644053,0.13605558565777282,0.4274756119597926,0.5723210010015247,1229.4071694133816,0.00103,0.15300132523554588,23.737040498274414,0.13790261032030937,0.48952739694867214,0.49400158528197907,0.6077166675888636,6365,0.06365,0.49043204219145753,0.49490348829578645,0.6076752833143677,0.5330632662678534,False,16.32207810007177,1229.4071694133816,True,,True,
act3_least_squares_d3_I1,act3,least_squares,3,3,I1,-15.7802,12.5193,0.3989503123633994,0.48112457707216166,1.2606379046933085,0.001179337933793434,0.4524461061932738,0.5788830685718785,0.38499305340093176,1.09813552334461,1.2445434060805822,11.798877020806948,0.00959,0.4388238725494381,1.8592861920317794,0.03940923424362059,1.139160806664577,1.14137835598959,1.2612859694364056,6365,0.06365,1.140149900079426,1.1423565216625118,1.261247911967736,0.8817631689219968,False,13.618504273243632,33.300549765557925,True,,True,
act3_least_squares_d3_I2,act3,least_squares,3,3,I2,-22.1493,16.3974,0.5130020093629878,0.6296758956678884,1.6614118843037382,-0.00200612061206229,0.6364891101894492,0.7693958429220477,0.5525502369070443,1.476598218896989,1.6268379769067252,6.183642801970773,0.00103,0.6351298407111361,1.9548089458695748,0.003163374175634149,1.5394701030369748,1.541171766828724,1.6622934669399294,6365,0.06365,1.5404783265583215,1.5421696267977367,1.6622563339319445,0.805987095694841,False,17.932641253394557,27.68531554672175,True,,True,
act3_least_squares_d5_I1,act3,least_squares,5,5,I1,-15.7802,12.5193,0.18079480529216418,0.23236166198009958,0.771974059840429,0.001179337933793434,0.23952364033820667,0.7359760609128679,0.1895399780503536,0.6083608592021372,0.753713456995433,118.87901376091804,0.00959,0.21641412327790685,2.626165641557352,0.10514589903098483,0.6527713974656393,0.6563578197593595,0.7726073077285118,6365,0.06365,0.6537217165855724,0.6572946939043324,0.7725681916910464,0.7548098594229883,False,11.940970469288063,118.87901376091804,True,,True,
act3_least_squares_d5_I2,act3,least_squares,5,5,I2,-22.1493,16.3974,0.22619748669112205,0.2991367797403003,1.0108043021304756,-0.00200612061206229,0.31167866092250485,0.4072900510323904,0.2612728665290443,0.8280586999572959,0.9765087199797076,24.900375597172538,0.00103,0.30957207390845765,2.3548021846338596,0.007781881002036048,0.8906604717124887,0.8933850254794848,1.0117264882639874,6365,0.06365,0.8916280636822645,0.8943419779607558,1.011687641780658,0.7257394074449112,False,15.617931939726963,24.900375597172538,True,,True,
act3_least_squares_d7_I1,act3,least_squares,7,7,I1,-15.7802,12.5193,0.10445678625163586,0.14161170451394176,0.5552865580261692,0.001179337933793434,0.27475298667656234,9.207570622175703,0.12566514397256073,0.4018248013453049,0.5456935338922837,2415.8260399979936,0.00959,0.13628485249228225,14.575089251270185,0.5087300691810988,0.4382669734294505,0.4432466382753651,0.5559079929802128,6365,0.06365,0.439182266473945,0.4441476416200963,0.555868033463207,0.38018435218905117,False,12.876216880336813,2415.8260399979936,True,,True,
act3_least_squares_d7_I2,act3,least_squares,7,7,I2,-22.1493,16.3974,0.13648964803083302,0.18256057475225362,0.730014622421775,-0.00200612061206229,0.20454163641646483,0.8541068885702086,0.1781143726523382,0.5498665350795316,0.6960690893924364,229.1596058566048,0.00103,0.19693937673597414,7.577774017989073,0.03815901434677514,0.6115507418397413,0.6152837926113378,0.7309698060015082,6365,0.06365,0.6124829333431224,0.6162080957696587,0.7309295665903993,0.6672951797106387,False,16.842535975559993,229.1596058566048,True,,True,
act3_least_squares_d9_I1,act3,least_squares,9,9,I1,-15.7802,12.5193,0.07134918871377398,0.0979090727990109,0.43482160406758813,0.001179337933793434,1.336672626297209,146.3698504446808,0.08603529475562721,0.28704005387196224,0.42906919204394484,42079.42672777371,0.00959,0.09697848811551202,129.3664402380318,0.9281436138326905,0.319916123080109,0.3262905156738453,0.4354322371029091,6365,0.06365,0.32079821880908393,0.32715923954778064,0.43539150645341596,0.053378207430956615,False,12.287710394849956,42079.42672777371,True,,True,
act3_least_squares_d9_I2,act3,least_squares,9,9,I2,-22.1493,16.3974,0.09647413874822487,0.12873430234845096,0.5793212767992733,0.001848934893487808,0.1814725732892249,5.823215110446995,0.12837457096017285,0.4012442267077782,0.5455335211895163,1745.5550728715962,0.00103,0.14580217578561863,34.777256062781966,0.19738836065092763,0.46237014702771184,0.46706847484889946,0.5802641634634341,6365,0.06365,0.46327140240782044,0.4679665960007122,0.5802227744162375,0.5316182880950701,False,16.145704455373313,1745.5550728715962,True,,True,
act3_taylor_d3_I1,act3,taylor,3,2,I1,-15.7802,12.5193,5.7846660576640545,8.4457327583504,23.929886185559972,-15.7802,2.0252478141718684,4.465611337010666,0.5640129116713474,8.531674990400196,18.718630307942135,139.52309977586643,0.00959,1.782018178897456,27.144858144946696,0.1285369562126817,0.5785117951276614,0.5819556555953009,0.6931471805599453,6365,0.06365,0.5793664720508508,0.5828153419347657,0.693104936660272,2.8562756701601115,False,26.544406241809927,139.52309977586643,True,,True,
act3_taylor_d3_I2,act3,taylor,3,2,I2,-22.1493,16.3974,12.281617984775936,18.006896735802894,50.94243349181003,-22.1493,2.0252478141718684,4.465611337010666,0.5640129116713474,8.531674990400196,18.718630307942135,139.52309977586643,0.00103,1.9798134265615521,46.09086935890732,0.02344088220092052,0.5785117951276614,0.5819556555953009,0.6931471805599453,6365,0.06365,0.5793664720508508,0.5828153419347657,0.693104936660272,6.064254408193467,False,50.94243349181003,139.52309977586643,True,,True,
act3_taylor_d5_I1,act3,taylor,5,4,I1,-15.7802,12.5193,41.67252562244691,77.13936923959044,299.0301492954978,-15.7802,11.694260811059847,70.56014667942478,0.5136748272895122,47.130123457194514,191.49281056167578,8026.966557407388,0.00959,7.526394866295083,442.1318114215366,0.36257478262521,0.5784465607092804,0.5818988247278181,0.6931471805599453,6365,0.06365,0.5793022782535634,0.5827594577478812,0.693104936660272,3.5635023278286324,False,299.0301492954978,8026.966557407388,True,,True,
act3_taylor_d5_I2,act3,taylor,5,4,I2,-22.1493,16.3974,163.95086214434392,310.02075885916867,1202.5992880769102,-22.1493,11.694260811059847,70.56014667942478,0.5136748272895122,47.130123457194514,191.49281056167578,8026.966557407388,0.00103,10.497802081804906,1172.1082188341773,0.10323623569755051,0.5784465607092804,0.5818988247278181,0.6931471805599453,6365,0.06365,0.5793022782535634,0.5827594577478812,0.693104936660272,14.019771304338226,False,1202.5992880769102,8026.966557407388,True,,True,
act3_taylor_d7_I1,act3,taylor,7,6,I1,-15.7802,12.5193,470.2892323846942,1062.458927469654,5062.423199754865,-15.7802,174.43669880970097,3340.2780690705245,0.5374717647139438,336.48454673269725,2623.931649552551,673703.1496095711,0.00959,59.73023350697185,12020.779795835348,0.6608659704562693,0.5784473380855816,0.5818994905707162,0.6931471805599453,6365,0.06365,0.579303039677339,0.5827601094660522,0.693104936660272,2.696045245030399,False,5062.423199754865,673703.1496095711,True,,True,
act3_taylor_d7_I2,act3,taylor,7,6,I2,-22.1493,16.3974,3613.7319473990833,8406.393759434552,39795.86081698482,-22.1493,174.43669880970097,3340.2780690705245,0.5374717647139438,336.48454673269725,2623.931649552551,673703.1496095711,0.00103,123.7279870515405,49355.48697555686,0.29143036947908807,0.5784473380855816,0.5818994905707162,0.6931471805599453,6365,0.06365,0.579303039677339,0.5827601094660522,0.693104936660272,20.716580696940547,False,39795.86081698482,673703.1496095711,True,,True,
act3_taylor_d9_I1,act3,taylor,9,8,I1,-15.7802,12.5193,6594.302611730774,17491.232490037677,96260.67033204646,-15.7802,5165.1582493251835,254218.01435545576,0.542925384592513,2673.2302405953264,40302.379796080066,64112377.219392255,0.00959,664.2913689202067,469993.47597840684,0.8726232996291609,0.5784473266024225,0.5818994808338808,0.6931471805599453,6365,0.06365,0.5793030284790477,0.5827600999778327,0.693104936660272,1.2766893662149277,False,96260.67033204646,64112377.219392255,True,,False,salida máxima 6.41e+07 > umbral operativo 1e+06
act3_taylor_d9_I2,act3,taylor,9,8,I2,-22.1493,16.3974,100427.05074487497,273358.94496826135,1486674.7912496806,-22.1493,5165.1582493251835,254218.01435545576,0.542925384592513,2673.2302405953264,40302.379796080066,64112377.219392255,0.00103,2330.7594814976983,2754174.223391678,0.5492183033238236,0.5784473266024225,0.5818994808338808,0.6931471805599453,6365,0.06365,0.5793030284790477,0.5827600999778327,0.693104936660272,19.44317015998407,False,1486674.7912496806,64112377.219392255,True,,False,salida máxima 6.41e+07 > umbral operativo 1e+06
